Family	Success	Comments	Tree
Afro-Asiatic	SUCCESS	NNLS	(((('Soqotri [i-sqt][w-soq][a-2469][g-soqo1240]':0.01,'Shehri [i-shv][w-jib][a-2425][g-sheh1240]':0.01,'Mehri [i-gdq][w-meh][a-1994][g-mehr1241]':0.01,'Harsusi [i-hss][w-hrs][a-1618][g-hars1241]':0.01,'Bathari [i-bhm][w-bth][a-1354][g-bath1244]':0.01)'South Arabian [i-][w-][a-][g-]':0.0586,('Amharic [i-amh][w-amh][a-21][g-amha1245]':0.0686,('Sebat Bet Gurage [i-sgw][w-chh-muh][a-1313-1314-3044][g-seba1251]':0,'Kistane [i-gru][w-sod][a-1562][g-kist1241]':0)'Outer [i-][w-][a-][g-]':0.0686)'South [i-][w-][a-][g-]':0)'South [i-][w-][a-][g-]':0,(('Maltese [i-mlt][w-mlt][a-2033][g-malt1254]':0.0455,'Arabic. Moroccan Spoken [i-ary][w-amr][a-928][g-moro1292]':0.0455,'Arabic. Egyptian Spoken [i-arz][w-aeg][a-642][g-egyp1253]':0.0455)'Arabic [i-][w-][a-][g-]':0,'Mandaic [i-mid][w-mma][a-2002][g-nucl1706]':0.0455)'Central [i-][w-][a-][g-]':0.0231)'Semitic [i-][w-][a-][g-]':0.108,('Iraqw [i-irk][w-irq][a-534][g-iraq1241]':0.16,'Bedawiyet [i-bej][w-bej][a-34][g-beja1238]':0.16,('Somali [i-som][w-som][a-355][g-soma1255]':0.16,'Oromo. Eastern [i-hae][w-orh][a-324][g-east2652]':0.16)'East [i-][w-][a-][g-]':0)'Cushitic [i-][w-][a-][g-]':0.0161,('Ngizim [i-ngi][w-ngz][a-2160][g-ngiz1242]':0.101,'Hausa [i-hau][w-hau][a-98][g-haus1257]':0.101)'West [i-][w-][a-][g-]':0.0753,'Tachelhit [i-shi][w-tas][a-2421-2969][g-tach1250]':0.176)'Afro-Asiatic [i-][w-][a-][g-]';
East Bird`s Head-Sentani	SUCCESS	NNLS	(('Tabla [i-tnm][w-tbl][a-2594][g-tabl1243]':0.0172,'Sentani [i-set][w-snt][a-350][g-nucl1632]':0.0172)'Sentani Proper [i-][w-][a-][g-]':0.299,('Meyah [i-mej][w-mea][a-1967][g-meya1236]':0,'Manikion [i-mnx][w-sgb][a-2048][g-mani1235]':0)'East Bird<U+FFFD><U+FFFD><U+FFFD>s Head [i-][w-][a-][g-]':0.316)'East Bird`s Head-Sentani [i-][w-][a-][g-]';
Mapudungu	FAIL	NNLS: the distances matrix is too small	
Sino-Tibetan	SUCCESS	NNLS	(((('Wayu [i-vay][w-hay][a-632][g-wayu1241]':0.00499,'Wambule [i-wme][w-wme][a-2865][g-wamb1257]':0.00499,'Sunwar [i-suz][w-][a-2956][g-sunw1242]':0.00499,'Koi [i-kkt][w-][a-2980][g-koii1238]':0.00499,'Jerung [i-jee][w-][a-2998][g-jeru1240]':0.00499,'Dumi [i-dus][w-dmi][a-1439][g-dumi1241]':0.00499,'Bahing [i-bhj][w-][a-3007][g-bahi1252]':0.00499)'Western [i-][w-][a-][g-]':0.0692,('Yamphu [i-ybi][w--ybi][a-637-][g-sout2734-yamp1242]':0.0742,'Yakkha [i-ybh][w-][a-2996][g-yakk1236]':0.0742,'Puma [i-pum][w-][a-2863][g-puma1239]':0.0742,'Lohorung [i-lbr][w-][a-3010][g-nort2727]':0.0742,'Limbu [i-lif][w-lim][a-674][g-limb1266]':0.0742,'Kulung [i-kle][w-klg][a-1775][g-kulu1253]':0.0742,'Chhintang [i-ctn][w-][a-2862][g-chhi1245]':0.0742,'Chamling [i-rab][w-cml][a-2360][g-caml1239]':0.0742,'Belhariya [i-byw][w-bel][a-35][g-belh1239]':0.0742,'Bantawa [i-bap][w-][a-2873][g-bant1281]':0.0742,'Athpariya [i-aph][w-ath][a-908][g-athp1241]':0.0742)'Eastern [i-][w-][a-][g-]':0)'Kiranti [i-][w-][a-][g-]':0.098,'Newar [i-new][w-new-nwd][a-468-640][g-newa1246]':0.172)'Himalayan [i-][w-][a-][g-]':0.00799,('Darmiya [i-drd][w-drm][a-1388][g-darm1243]':0.138,'Sherpa [i-xsr][w-she][a-2402][g-sher1255]':0.138)'Bodish [i-][w-][a-][g-]':0.0418)'Western Tibeto-Burman [i-][w-][a-][g-]';
Algic	SUCCESS	NNLS	(('Yurok [i-yur][w-yur][a-428][g-yuro1248]':0.0899,'Wiyot [i-wiy][w-wiy][a-412][g-wiyo1248]':0.0899)'Ritwan [i-][w-][a-][g-]':0.187,(('Potawatomi [i-pot][w-pot][a-2324][g-pota1247]':0.246,'Ojibwa. Eastern [i-ojg][w-oji][a-2244][g-east2542]':0.246)'Ojibwa-Potawatomi [i-][w-][a-][g-]':0,('Meskwaki [i-sac][w-fox][a-694][g-mesk1242]':0.167,'Kickapoo [i-kic][w-kic][a-1754][g-kick1244]':0.167)'Fox [i-][w-][a-][g-]':0.0789,('Munsee [i-umu][w-mse][a-2668][g-muns1251]':0.133,'Malecite-Passamaquoddy [i-pqm][w-psm][a-563][g-male1292]':0.133)'Eastern Algonquian [i-][w-][a-][g-]':0.112,'Montagnais [i-moe][w-mtg][a-2051][g-mont1268]':0.246,'Blackfoot [i-bla][w-bla][a-1036][g-siks1238]':0.246)'Algonquian [i-][w-][a-][g-]':0.0315)'Algic [i-][w-][a-][g-]';
Bauzi	FAIL	NNLS: the distances matrix is too small	
Mascoy	FAIL	NNLS: the distances matrix is too small	
Siouan-Catawban	SUCCESS	NNLS	((('Hidatsa [i-hid][w-hid][a-1606][g-hida1246]':0,'Crow [i-cro][w-cro][a-1184][g-crow1244]':0)'Missouri River Siouan [i-][w-][a-][g-]':0.0618,(('Osage [i-osa][w-osa][a-2259][g-osag1243]':0.0526,'Omaha-Ponca [i-oma][w-omh][a-2248][g-omah1247]':0.0526)'Dhegihan [i-][w-][a-][g-]':0.00917,('Lakota [i-lkt][w-lkt][a-156][g-lako1247]':0.0441,'Assiniboine [i-asb][w-][a-2897][g-assi1247]':0.0441)'Dakota [i-][w-][a-][g-]':0.0177)'Mississippi Valley Siouan [i-][w-][a-][g-]':0,'Mandan [i-mhq][w-mdn][a-1993][g-mand1446]':0.0618)'Siouan [i-][w-][a-][g-]':0,'Catawba [i-chc][w-ctw][a-1135][g-cata1286]':0.0618)'Siouan-Catawban [i-][w-][a-][g-]';
Altaic	SUCCESS	NNLS	(((('Tatar [i-tat][w-tmi-ttb-tvo][a-1431-1432-2630][g-tata1255]':2.78e-17,'Chulym [i-clw][w-cly][a-1141][g-chul1246]':2.78e-17,'Bashkort [i-bak][w-bsk][a-1094][g-bash1264]':2.78e-17)'Uralian [i-][w-][a-][g-]':0.122,('Kumyk [i-kum][w-kuq][a-1820][g-kumy1244]':0.0667,'Krimchak [i-jct][w-][a-1444][g-krym1236]':0.0667,'Karaim [i-kdr][w-krm][a-1726][g-kara1464]':0.0667,'Karachay-Balkar [i-krc][w-krc][a-124][g-kara1465]':0.0667)'Ponto-Caspian [i-][w-][a-][g-]':0.0551,('Nogai [i-nog][w-nog-nok-tlb-yta][a-1370-1371-1372-2193][g-noga1249]':0.122,'Kyrgyz [i-kir][w-kfy-kgz][a-1339-1725][g-kirg1245]':0.122,'Kazakh [i-kaz][w-kaz][a-1705][g-kaza1248]':0.122,'Karakalpak [i-kaa][w-kkp][a-1695][g-kara1467]':0.122)'Aralo-Caspian [i-][w-][a-][g-]':2.78e-17)'Western [i-][w-][a-][g-]':2.78e-17,('Turkmen [i-tuk][w-tkm][a-2534][g-turk1304]':0.122,('Turkish [i-tur][w-tur][a-502][g-nucl1301]':0.122,'Khorasani Turkish [i-kmz][w-tex-twx][a-1345-1346][g-khor1269]':0.122,'Gagauz [i-gag][w-gag][a-1516][g-gaga1249]':0.122)'Turkish [i-][w-][a-][g-]':2.78e-17,'Salar [i-slr][w-slr][a-2445][g-sala1264]':0.122,'Crimean Tatar [i-crh][w-cri][a-1181][g-crim1257]':0.122)'Southern [i-][w-][a-][g-]':2.78e-17,('Yakut [i-sah][w-ykt][a-2662][g-yaku1245]':0.0684,'Tuva [i-tyv][w-tuv][a-387][g-tuvi1240]':0.0684,'Shor [i-cjs][w-shr][a-1153][g-shor1247]':0.0684,'Khakas [i-kjh][w-khk][a-1763][g-khak1248]':0.0684,'Karagas [i-kim][w-tof][a-719][g-kara1462]':0.0684,'Dolgan [i-dlg][w-dol][a-1351][g-dolg1241]':0.0684,'Altai. Southern [i-alt][w-aso][a-880][g-sout2694]':0.0684)'Northern [i-][w-][a-][g-]':0.0534,('Yugur. West [i-ybe][w-syg][a-2766][g-west2402]':2.78e-17,'Uyghur [i-uig][w-uyg][a-611][g-uigh1240]':2.78e-17)'Eastern [i-][w-][a-][g-]':0.122,'Chuvash [i-chv][w-chv][a-57][g-chuv1255]':0.122,'Urum [i-uum][w-urm][a-2677][g-urum1249]':0.122)'Turkic [i-][w-][a-][g-]':0.0499,((('Udihe [i-ude][w-udh][a-2657][g-udih1248]':0.1,'Oroch [i-oac][w-orc][a-2239][g-oroc1248]':0.1)'Udihe [i-][w-][a-][g-]':0.0402,('Ulch [i-ulc][w-ulc][a-2663][g-ulch1241]':0.14,'Orok [i-oaa][w-ork][a-2238][g-orok1265]':0.14,'Nanai [i-gld][w-nai][a-201][g-nana1257]':0.14)'Nanaj [i-][w-][a-][g-]':2.78e-17)'Southeast [i-][w-][a-][g-]':0.0314,('Negidal [i-neg][w-neg][a-2153][g-negi1245]':0.172,'Evenki [i-evn][w-eve-sol][a-1288-527][g-even1259]':0.172,'Even [i-eve][w-evn][a-738][g-even1260]':0.172)'Northern [i-][w-][a-][g-]':2.78e-17)'Tungusic [i-][w-][a-][g-]':0,('Mogholi [i-mhj][w-mog][a-2029][g-mogh1245]':0.0691,(('Kalmyk-Oirat [i-xal][w-kiq-kmk-oir][a-1341-1342][g-kalm1243]':0.0645,'Mongolian. Halh [i-khk][w-kha][a-188][g-halh1238]':0.0645)'Oirat-Khalkha [i-][w-][a-][g-]':2.78e-17,('Tu [i-mjg][w-mgg][a-2016][g-tuuu1240]':0.0575,'Dongxiang [i-sce][w-sta][a-2400][g-dong1285]':0.0575,'Bonan [i-peh][w-bao][a-2285][g-bona1250]':0.0575)'Mongour [i-][w-][a-][g-]':0.00707,'Daur [i-dta][w-dgr][a-1416][g-daur1238]':0.0645)'Eastern [i-][w-][a-][g-]':0.00453)'Mongolic [i-][w-][a-][g-]':0.103)'Altaic [i-][w-][a-][g-]';
East New Britain	SUCCESS	NNLS	('Taulil [i-tuh][w-tll][a-2635][g-taul1251]':0,'Mali [i-gcc][w-mli][a-1527][g-mali1284]':0)'East New Britain [i-][w-][a-][g-]';
Matacoan	SUCCESS	NNLS	(('Wich<U+FFFD><U+FFFD> Lhamt<U+FFFD><U+FFFD>s Vejoz [i-wlv][w-][a-180][g-wich1263]':0,'Wich<U+FFFD><U+FFFD> Lhamt<U+FFFD><U+FFFD>s G<U+FFFD><U+FFFD>isnay [i-mzh][w-wch][a-2124][g-wich1264]':0)'Mataco [i-][w-][a-][g-]':0.0588,'Maka [i-mca][w-mca][a-477][g-maca1260]':0.0588)'Matacoan [i-][w-][a-][g-]';
Skou	SUCCESS	NNLS	((('Rawo [i-rwa][w-pok][a-2390][g-rawo1244]':0.119,'Womo [i-wmx][w-][a-812][g-womo1238]':0.119)'Rawo-Main Serra [i-][w-][a-][g-]':0,('Skou [i-skv][w-sko][a-2440-2849][g-nucl1634]':0,'Vanimo [i-vam][w-dum][a-395][g-vani1248]':0)'Nuclear Skou [i-][w-][a-][g-]':0.119)'Skou-Serra-Piore [i-][w-][a-][g-]':0,'Isaka [i-ksi][w-isa][a-307][g-kris1246]':0.119)'Skou [i-][w-][a-][g-]';
Amto-Musan	FAIL	NNLS: the distances matrix is too small	
Eastern Trans-Fly	FAIL	NNLS: the distances matrix is too small	
Maxakalian	FAIL	NNLS: the distances matrix is too small	
Somahai	FAIL	NNLS: the distances matrix is too small	
Andamanese	SUCCESS	NNLS	('<U+FFFD><U+FFFD><U+FFFD><U+FFFD>ge [i-oon][w-ong][a-2][g-onge1236]':0.0667,'Jarawa [i-anq][w-jrw][a-899][g-jara1245]':0.0667)'South Andamanese [i-][w-][a-][g-]';
Eskimo-Aleut	SUCCESS	NNLS	(('Yupik. Pacific Gulf [i-ems][w-atq][a-2860][g-paci1278]':0.0833,'Yupik. Central [i-esu][w-ych-ypk-yun][a-1285-1286-455][g-cent2127]':0.0833)'Alaskan Yupik [i-][w-][a-][g-]':0,'Yupik. Central Siberian [i-ess][w-ysl-yus][a-1284-612][g-cent2128]':0.0833)'Yupik [i-][w-][a-][g-]';
Mayan	SUCCESS	NNLS	(((('Maya. Yucatec [i-yua][w-yct][a-682][g-yuca1254]':0.0833,'Lacandon [i-lac][w-lac][a-1861][g-laca1243]':0.0833)'Yucatec-Lacandon [i-][w-][a-][g-]':0,'Itza<U+FFFD><U+FFFD><U+FFFD> [i-itz][w-itz][a-1660][g-itza1241]':0.0833)'Yucatecan [i-][w-][a-][g-]':0.0152,('Jakalteko [i-jac][w-jak][a-460][g-popt1235]':0.0769,('Tojolabal [i-toj][w-toj][a-2598][g-tojo1241]':2.78e-17,'Chuj [i-cac][w--chj][a-1107-][g-chuj1250-chuj1249]':2.78e-17)'Chujean [i-][w-][a-][g-]':0.0769)'Q<U+FFFD><U+FFFD><U+FFFD>anjob<U+FFFD><U+FFFD><U+FFFD>alan-Chujean [i-][w-][a-][g-]':0.0216,'Ixil [i-ixl][w-][a-1665][g-ixil1251]':0.0985,('Chol [i-ctu][w-][a-1196][g-chol1282]':2.78e-17,'Chontal. Tabasco [i-chf][w-cmy][a-1136][g-taba1266]':2.78e-17)'Chol-Chontal [i-][w-][a-][g-]':0.0985)'Yucatecan-Core Mayan [i-][w-][a-][g-]':0.0361,'Huastec [i-hus][w-][a-619][g-huas1242]':0.135)'Mayan [i-][w-][a-][g-]';
South Bougainville	FAIL	NNLS: too few languages with non-missing data	
Arafundi	FAIL	NNLS: the distances matrix is too small	
Eyak-Athabaskan	SUCCESS	NNLS	('Tlingit [i-tli][w-tli][a-379][g-tlin1245]':0.311,(('Mattole [i-mvb][w-mtl][a-2100][g-matt1238]':0.0833,'Kato [i-ktw][w-kto][a-1831][g-kato1244]':0.0833,'Hupa [i-hup][w-hup][a-1621][g-hupa1239]':0.0833)'California Athabaskan [i-][w-][a-][g-]':0.0866,('Slavey. North [i-scs][w--sla][a-354-][g-nort2942-slav1253]':0.121,'Dene [i-chp][w-chp][a-1176][g-chip1261]':0.121)'Northern Athabaskan [i-][w-][a-][g-]':0.0493,('Apache. Mescalero-Chiricahua [i-apm][w-apc][a-910][g-mesc1238]':0.17,'Navajo [i-nav][w-nav][a-204][g-nava1243]':0.17)'Apachean [i-][w-][a-][g-]':0)'Athabaskan [i-][w-][a-][g-]':0.141)'Eyak-Athabaskan [i-][w-][a-][g-]';
Maybrat	FAIL	NNLS: the distances matrix is too small	
South-Central Papuan	SUCCESS	NNLS	(('Yelmek [i-jel][w-ylm][a-1680][g-yelm1242]':0.0455,'Maklew [i-mgf][w-mkl][a-1980][g-makl1246]':0.0455)'Yelmek-Maklew [i-][w-][a-][g-]':0.0269,('Yei [i-jei][w-yei][a-1679][g-yeii1239]':0.0217,'Kanum. B<U+FFFD><U+FFFD>di [i-khd][w-knb][a-1747][g-badi1247]':0.0217)'Morehead-Upper Maro [i-][w-][a-][g-]':0.0506)'South-Central Papuan [i-][w-][a-][g-]';
Arai {Left May}	FAIL	NNLS: too few languages with non-missing data	
Fas	FAIL	NNLS: the distances matrix is too small	
Misumalpan	SUCCESS	NNLS	('M<U+FFFD><U+FFFD>skito [i-miq][w-mis][a-184][g-misk1235]':0,'Mayangna [i-yan][w-][a-2495][g-maya1285]':0)'Misumalpan [i-][w-][a-][g-]';
Tacanan	SUCCESS	NNLS	(('Tacana [i-tna][w-tac][a-2590][g-taca1256]':0.225,'Reyesano [i-rey][w-][a-2997][g-reye1240]':0.225,'Araona [i-aro][w-ana][a-620][g-arao1248]':0.225)'Tacana [i-][w-][a-][g-]':0,'Ese Ejja [i-ese][w-ese][a-1477][g-esee1248]':0.225,'Cavine<U+FFFD><U+FFFD>a [i-cav][w-cav][a-1116][g-cavi1250]':0.225)'Tacanan [i-][w-][a-][g-]';
Jamamadi	SUCCESS	NNLS	('Jamamad<U+FFFD><U+FFFD> [i-jaa][w-bna-jmm-jwr][a-1044-1668-693][g-jama1261]':0.5,'Paumar<U+FFFD><U+FFFD> [i-pad][w-pau][a-329][g-paum1247]':0.5)'Jamamadi [i-][w-][a-][g-]';
Guajibo	SUCCESS	NNLS	(('Playero [i-gob][w-pla][a-1555][g-play1240]':0,'Macagu<U+FFFD><U+FFFD>n [i-mbn][w-mcg][a-1939][g-maca1259]':0)'Guajibo [i-][w-][a-][g-]':0,'Guayabero [i-guo][w-gyb][a-1571][g-guay1257]':0,'Cuiba [i-cui][w-cui][a-1201][g-cuib1242]':0)'Guajibo [i-][w-][a-][g-]';
Miwok-Costanoan	SUCCESS	NNLS	((('Miwok. Lake [i-lmw][w-mwl][a-1902][g-lake1258]':0,'Miwok. Coast [i-csi][w-mkb][a-1189][g-coas1301]':0)'Western Miwokan [i-][w-][a-][g-]':0.0623,(('Miwok. Southern Sierra [i-skd][w-mss][a-356][g-sout2985]':0.0559,'Miwok. Northern Sierra [i-nsq][w-mwn][a-2209][g-nort2968]':0.0559,'Miwok. Central Sierra [i-csm][w-mcs][a-1191][g-cent2140]':0.0559)'Sierra Miwok [i-][w-][a-][g-]':0.00643,'Miwok. Plains [i-pmw][w-mwp][a-2313][g-plai1259]':0.0623)'Eastern Miwokan [i-][w-][a-][g-]':0)'Miwokan [i-][w-][a-][g-]':0,'Ohlone. Southern [i-css][w-cos-mut][a-1257-761][g-sout2986]':0.0623)'Miwok-Costanoan [i-][w-][a-][g-]';
Tai-Kadai	SUCCESS	NNLS	('Lachi [i-lbt][w-lch][a-1870][g-lach1248]':0,'Thai [i-tha][w-tha][a-374][g-thai1261]':0)'Tai-Kadai [i-][w-][a-][g-]';
Australian	SUCCESS	NNLS	(('Maung [i-mph][w-mau][a-181][g-maun1240]':0.0556,'Iwaidja [i-ibd][w-iwa][a-1633][g-iwai1244]':0.0556)'Yiwaidjic [i-][w-][a-][g-]':0.153,'Garrwa [i-wrk][w-][a-84][g-gara1269]':0.209,('Ngarinyin [i-ung][w-ung][a-390][g-ngar1284]':0.209,'Kwini [i-gww][w-gnn][a-1584][g-kwin1241]':0.209)'Worrorran [i-][w-][a-][g-]':2.78e-17,('Wambaya [i-wmb][w-wam][a-575][g-wamb1258]':0.152,'Djingili [i-jig][w-dji][a-68][g-djin1251]':0.152)'West Barkly [i-][w-][a-][g-]':0.0565,'Tiwi [i-tiw][w-tiw][a-378][g-tiwi1244]':0.209,('Kayardild [i-gyd][w-kay][a-128][g-kaya1319]':0.209,'Ganggalida [i-gcd][w-yuk][a-424][g-gang1267]':0.209)'Tangic [i-][w-][a-][g-]':2.78e-17,(('Djinang [i-dji][w-djn][a-1333][g-djin1253]':0.0868,('Ritarungo [i-rit][w-rit][a-2371][g-rita1239]':0.071,'Djambarrpuyngu [i-djr][w-djm][a-1335][g-djam1256]':0.071)'Dhuwal [i-][w-][a-][g-]':0.0158)'Yuulngu [i-][w-][a-][g-]':0.0429,'Thurawal [i-tbh][w-dhw][a-2524][g-thur1254]':0.13,'Yorta Yorta [i-xyy][w-][a-813-815][g-yort1237]':0.13,('Yidiny [i-yii][w-yid][a-580][g-yidi1250]':0.0476,'Dyaabugay [i-dyy][w-dja][a-1459][g-dyaa1242]':0.0476)'Yidinic [i-][w-][a-][g-]':0.082,'Yanyuwa [i-jao][w-yny][a-658][g-yany1243]':0.13,'Kuku-Yalanji [i-gvn][w-kya][a-1579][g-kuku1273]':0.13,('Wangaaybuwan-Ngiyambaa [i-wyb][w-ngi][a-210][g-wang1291]':0.121,'Gamilaraay [i-kld][w-gml-yuw][a-1344-1774][g-gami1243]':0.121)'Wiradhuric [i-][w-][a-][g-]':0.00897,('Gureng Gureng [i-gnr][w-ggu][a-1553][g-gure1255]':0.13,'Bayali [i-bjy][w-dhb][a-1028][g-baya1257]':0.13)'Waka-Kabic [i-][w-][a-][g-]':2.78e-17,'Yindjilandji [i-yil][w-][a-755][g-yind1248]':0.13,('Adnyamathanha [i-adt][w-adn][a-837][g-adny1235]':0.13,'Yinggarda [i-yia][w-yng][a-2770-795][g-ying1247]':0.13,('Pitjantjatjara [i-pjt][w-pit][a-510][g-pitj1243]':0.0391,'Ngaanyatjarra [i-ntj][w-ntj][a-2211-810][g-ngaa1240]':0.0391,'Kokata [i-ktd][w-gug][a-1825][g-koka1244]':0.0391)'Wati [i-][w-][a-][g-]':0.0906,('Wajarri [i-wbv][w-wat][a-2710][g-waja1257]':0.13,'Badimaya [i-bia][w-bdm][a-1015][g-badi1246]':0.13)'Wadjari [i-][w-][a-][g-]':0,('Ngarinman [i-nbj][w-bnr-ngy][a-1364-2140][g-ngar1235]':0.102,'Jaru [i-ddj][w-djr][a-1262][g-jaru1254]':0.102)'Ngumbin [i-][w-][a-][g-]':0.0275,'Warlpiri [i-wbp][w-wrl][a-404][g-warl1254]':0.13,'Ngadjunmaya [i-nju][w-mrj-ngj][a-2179][g-ngad1258]':0.13,'Karadjeri [i-gbd][w-krj][a-1522][g-kara1476]':0.13,('Panytyima [i-pnw][w-pny][a-2316][g-pany1241]':0.05,'Dhargari [i-dhr][w-dhr][a-1318][g-dhar1247]':0.05)'Inland Ngayarda [i-][w-][a-][g-]':0.0797,('Yindjibarndi [i-yij][w-yin][a-2773][g-yind1247]':0.0893,'Martuyhunira [i-vma][w-mrt][a-179][g-mart1255]':0.0893)'Coastal Ngayarda [i-][w-][a-][g-]':0.0404)'South-West [i-][w-][a-][g-]':2.78e-17,('Thayore [i-thd][w-thy][a-2562][g-thay1249]':0.108,('Uradhi [i-urf][w--uhi][a-391-][g-urad1238-urad1239]':0.0488,'Alngith [i-aid][w-][a-745][g-alng1239]':0.0488)'Northern Pama [i-][w-][a-][g-]':0.059,'Kuuku-Ya<U+FFFD><U+FFFD><U+FFFD>u [i-kuy][w-kuu][a-2354][g-kuuk1238]':0.108,('Wik-Ngathana [i-wig][w-wn][a-2721][g-wikn1245]':0.0604,'Wik-Mungkan [i-wim][w-wmu][a-2722][g-wikm1247]':0.0604,'Kuku-Uwanh [i-uwa][w-knc][a-2679][g-kuku1280]':0.0604)'Middle Pama [i-][w-][a-][g-]':0.0473,'Ngawun [i-nxn][w-ngw][a-2225][g-ngaw1240]':0.108)'Paman [i-][w-][a-][g-]':0.0219,'Muruwari [i-zmu][w-mrw][a-2813][g-muru1266]':0.13,('Margany [i-zmc][w-mny][a-2808][g-marg1253]':0.13,'Biri [i-bzr][w-bii][a-1103][g-biri1256]':0.13)'Maric [i-][w-][a-][g-]':5.55e-17,('Wathawurrung [i-wth][w-][a-808][g-wath1238]':0.13,'Madhi Madhi [i-dmd][w-][a-783][g-kuli1251]':0.13)'Kulin [i-][w-][a-][g-]':2.78e-17,(('Pitta Pitta [i-pit][w-ppi][a-2300][g-pitt1247]':0.111,'Arabana [i-ard][w-abn][a-918][g-arab1267]':0.111)'Palku [i-][w-][a-][g-]':1.39e-17,'Dieri [i-dif][w-diy][a-64][g-dier1241]':0.111)'Karnic [i-][w-][a-][g-]':0.0188,'Guguyimidjir [i-kky][w-guu][a-1772][g-gugu1255]':0.13,'Kumbainggar [i-kgs][w-gum][a-1744][g-kumb1268]':0.13,'Kalkutung [i-ktg][w-kgu][a-1826][g-kalk1246]':0.13,('Warrgamay [i-wgy][w-wrg][a-2719][g-warr1255]':0.13,'Nyawaygi [i-nyt][w-nya][a-2233][g-nyaw1247]':0.13)'Dyirbalic [i-][w-][a-][g-]':2.78e-17,'Gunditjmara [i-gjm][w-][a-806][g-warr1257]':0.13,'Paakantyi [i-drl][w-pkn][a-1392][g-darl1243]':0.13,('Arrernte. Eastern [i-aer][w-amp-arr][a-193][g-east2379]':0.0449,'Arrarnta. Western [i-are][w-awe][a-919][g-west2441]':0.0449,'Alyawarr [i-aly][w-aly][a-883][g-alya1239]':0.0449)'Arandic [i-][w-][a-][g-]':0.0847)'Pama-Nyungan [i-][w-][a-][g-]':0.079,('Yawuru [i-ywr][w-ywr][a-2799][g-yawu1244]':0.095,'Warrwa [i-wwr][w-wrw][a-482][g-warr1258]':0.095,'Nyulnyul [i-nyv][w-nyu][a-485][g-nyul1247]':0.095,'Nyigina [i-nyh][w-nyn][a-319][g-nyig1240]':0.095)'Nyulnyulan [i-][w-][a-][g-]':0.114,'Limilngan [i-lmc][w-lml][a-692][g-nucl1327]':0.209,('Wardaman [i-wrr][w-wrd][a-401][g-ward1246]':0.194,'Waray [i-wrz][w-wry][a-400][g-wara1290]':0.194,'Wageman [i-waq][w-wag][a-2702][g-wage1238]':0.194,('Rembarunga [i-rmb][w-rmb][a-473][g-remb1249]':0.111,'Ngalakan [i-nig][w-ngl][a-209][g-ngal1293]':0.111)'Rembargic [i-][w-][a-][g-]':0.0832,'Dalabon [i-ngk][w-nkb][a-2161][g-ngal1292]':0.194,(('Wandarang [i-wnd][w-wrn][a-405][g-wand1263]':0.183,'Mara [i-mec][w-mra][a-1965][g-mara1385]':0.183)'Mara [i-][w-][a-][g-]':2.78e-17,'Alawa [i-alh][w-alw][a-16][g-alaw1244]':0.183)'Maran [i-][w-][a-][g-]':0.0117,'Mangarayi [i-mpc][w-myi][a-173][g-mang1381]':0.194,'Kunbarlang [i-wlg][w-gnb][a-2724][g-kunb1251]':0.194,'Gagadu [i-gbu][w-gaa][a-82][g-gaga1251]':0.194,('Nunggubuyu [i-nuy][w-nug][a-318][g-nung1290]':0.156,'Ngandi [i-nid][w-ngn][a-2169][g-ngan1295]':0.156,'Anindilyakwa [i-aoi][w-ann][a-903][g-anin1240]':0.156)'Enindhilyagwa [i-][w-][a-][g-]':0.0383,('Guragone [i-gge][w-grg][a-1536][g-gura1252]':0.171,'Djeebbana [i-djj][w-ndj][a-661][g-djee1236]':0.171,'Burarra [i-bvr][w-bua][a-1088][g-bura1267]':0.171)'Burarran [i-][w-][a-][g-]':0.0237)'Gunwingguan [i-][w-][a-][g-]':0.0144,'Miriwung [i-mep][w-mir][a-183][g-miri1266]':0.209,'Djamindjung [i-djd][w-jam][a-1331][g-djam1255]':0.209,('Ngan<U+FFFD><U+FFFD><U+FFFD>gityemerri [i-nam][w-ngg-ngk][a-1363-2133][g-nang1259]':0.129,('Mullukmulluk [i-mpb][w-mlk][a-170][g-mull1237]':0.112,('Madngele [i-zml][w-mdl][a-2810][g-madn1237]':0.112,'Kamu [i-xmu][w-kmw][a-2356][g-kamu1258]':0.112)'Daly Proper [i-][w-][a-][g-]':2.78e-17)'Malagmalag [i-][w-][a-][g-]':0.0178,(('Wadjiginy [i-wdj][w-bac-pun][a-2355-2712][g-wadj1254]':0.0506,'Maranunggu [i-zmr][w-mku][a-556-891][g-mara1386]':0.0506)'Wagaydy [i-][w-][a-][g-]':2.78e-17,('Marithiel [i-mfr][w-mrh][a-178][g-mari1424]':2.78e-17,'Maringarr [i-zmt][w-mrr][a-2812][g-mari1419]':2.78e-17)'Bringen [i-][w-][a-][g-]':0.0506)'Bringen-Wagaydy [i-][w-][a-][g-]':0.0788)'Daly [i-][w-][a-][g-]':0.0793,('Gooniyandi [i-gni][w-goo][a-149][g-goon1238]':0.0781,'Bunaba [i-bck][w-bnb][a-976][g-buna1275]':0.0781)'Bunaban [i-][w-][a-][g-]':0.131)'Australian [i-][w-][a-][g-]';
Guaykuruan	SUCCESS	NNLS	((('Toba [i-tob][w-tob][a-2596][g-toba1269]':0.117,'Pilag<U+FFFD><U+FFFD> [i-plg][w-pga][a-2306][g-pila1245]':0.117,'Mocov<U+FFFD><U+FFFD> [i-moc][w-mcv][a-2050][g-moco1246]':0.117,'Abipon [i-axb][w-abi][a-582][g-abip1241]':0.117)'Southern [i-][w-][a-][g-]':0,('Kadiw<U+FFFD><U+FFFD>u [i-kbc][w-kdw][a-1706][g-kadi1248]':0.0583)'Guaykur<U+FFFD><U+FFFD> [i-][w-][a-][g-]':0.0583)'Guaykuruan [i-][w-][a-][g-]':1);
Mixe-Zoquean	FAIL	NNLS: too few languages with non-missing data	
Takelman	FAIL	NNLS: too few languages	
Austro-Asiatic	SUCCESS	NNLS	(((('Sora [i-srb][w-sor][a-2470][g-sora1254]':6.94e-18,'Parenga [i-pcj][w-][a-228][g-pare1266]':6.94e-18)'Sora-Juray-Gorum [i-][w-][a-][g-]':0.0526,'Kharia [i-khr][w-khr][a-1750][g-khar1287]':0.0526)'South Munda [i-][w-][a-][g-]':0,('Korku [i-kfq][w-kku][a-1737][g-kork1243]':6.94e-18,'Ho [i-hoc][w-ho][a-1615][g-hooo1248]':6.94e-18)'North Munda [i-][w-][a-][g-]':0.0526)'Munda [i-][w-][a-][g-]':0.256,('Vietnamese [i-vie][w-vie][a-494][g-viet1252]':0.149,(('Mlabri [i-mra][w-mlm][a-2074][g-mlab1235]':0.0625,'Khmu [i-kjg][w-kmu][a-541][g-khmu1256]':0.0625)'Khmuic [i-][w-][a-][g-]':0.0862,'Khasi [i-kha][w-khs][a-540][g-khas1269]':0.149)'Northern Mon-Khmer [i-][w-][a-][g-]':6.94e-18,('Nicobarese. Central [i-ncb][w-nic-nnc][a-1365][g-cent1990]':0.149,'Nicobarese. Car [i-caq][w-nca][a-44][g-carn1240]':0.149)'Nicobar [i-][w-][a-][g-]':6.94e-18,'Mon [i-mnw][w-mon][a-2047][g-monn1252]':0.149,('Khmer. Central [i-khm][w-khm][a-614][g-cent1989]':0.0869,('Lave [i-brb][w-bra][a-1061][g-lave1249]':0.0869,('Chrau [i-crw][w-chr][a-1139][g-chra1242]':0.0556,'Koho [i-kpm][w-sre][a-1804][g-koho1244]':0.0556)'South Bahnaric [i-][w-][a-][g-]':0.0313,'Sedang [i-sed][w-sed][a-2409][g-seda1262]':0.0869)'Bahnaric [i-][w-][a-][g-]':6.94e-18)'Eastern Mon-Khmer [i-][w-][a-][g-]':0.0618,('Semelai [i-sza][w-sml][a-566][g-seme1247]':0.149,'Temiar [i-tea][w-tmr][a-371][g-temi1246]':0.149)'Aslian [i-][w-][a-][g-]':6.94e-18)'Mon-Khmer [i-][w-][a-][g-]':0.16)'Austro-Asiatic [i-][w-][a-][g-]';
Haida	FAIL	NNLS: the distances matrix is too small	
Mixed language	FAIL	NNLS: too few languages with non-missing data	
Tarascan	FAIL	NNLS: the distances matrix is too small	
Austronesian	SUCCESS	NNLS	('Thao [i-ssf][w-thw][a-2481][g-thao1240]':0.173,'Tsou [i-tsu][w-tso][a-2625][g-tsou1248]':0.173,'Rukai [i-dru][w-ruk][a-1397][g-ruka1240]':0.173,'Paiwan [i-pwn][w-pai][a-327][g-paiw1248]':0.173,('Sunda [i-sun][w-sun][a-2497][g-sund1252]':0.173,'Makasar [i-mak][w-mks][a-2085][g-maka1311]':0.173,'Tagalog [i-tgl][w-tag][a-362][g-taga1270]':0.173,'Nias [i-nia][w-nia][a-2173][g-nias1242]':0.173,'Minangkabau [i-min][w-min][a-2069][g-mina1268]':0.173,'Lampung Api [i-ljp][w-lmp][a-1893][g-lamp1243]':0.173,'Chamorro [i-cha][w-cha][a-48][g-cham1312]':0.173,('Sawai [i-szw][w-swi][a-2509][g-sawa1247]':0.173,(('Kilivila [i-kij][w-klv][a-542][g-kili1267]':0.173,'Manam [i-mva][w-mnm][a-2099][g-mana1295]':0.173,'Tigak [i-tgc][w-tgk][a-2558][g-tiga1245]':0.173)'Western Oceanic [i-][w-][a-][g-]':0,('Paama [i-pma][w-pms][a-467][g-paam1238]':0.167,'Puluwatese [i-puw][w-pul][a-2345][g-pulu1242]':0.167,('Iaai [i-iai][w-iaa][a-1629][g-iaai1238]':0.0829,'Drehu [i-dhv][w-dre][a-70][g-dehu1237]':0.0829)'Loyalty Islands [i-][w-][a-][g-]':0.0838,('Rotuman [i-rtm][w-rot][a-2385][g-rotu1241]':0.167,('Tongan [i-ton][w-tng][a-2602][g-tong1325]':0.136,('Rapa Nui [i-rap][w-rap][a-564][g-rapa1244]':0.114,('Maori [i-mri][w-mao][a-175][g-maor1246]':0.0911,'Hawaiian [i-haw][w-haw][a-1628][g-hawa1245]':0.0911)'Central [i-][w-][a-][g-]':0.0224)'East [i-][w-][a-][g-]':0.0224)'Polynesian [i-][w-][a-][g-]':0.0307)'Central Pacific [i-][w-][a-][g-]':2.78e-17)'Remote Oceanic [i-][w-][a-][g-]':0.00603)'Oceanic [i-][w-][a-][g-]':2.78e-17)'Eastern Malayo-Polynesian [i-][w-][a-][g-]':5.55e-17,'Tukang Besi South [i-bhq][w--tuk][a-384-][g-tuka1249-tuka1247]':0.173,'Bali [i-ban][w-bal][a-1099][g-bali1278]':0.173)'Malayo-Polynesian [i-][w-][a-][g-]':5.55e-17)'Austronesian [i-][w-][a-][g-]';
Harakmbut	FAIL	NNLS: the distances matrix is too small	
Mongol-Langam	FAIL	NNLS: the distances matrix is too small	
Tequistlatecan	FAIL	NNLS: too few languages with non-missing data	
Aymaran	SUCCESS	NNLS	('Jaqaru [i-jqr][w-jaq][a-119][g-jaqa1244]':0.0838,'Aymara. Central [i-ayr][w-][a-514][g-cent2142]':0.0838)'Aymaran [i-][w-][a-][g-]';
Hmong-Mien	FAIL	NNLS: too few languages with non-missing data	
Mosetenan	FAIL	NNLS: too few languages	
Tiniguan	FAIL	NNLS: too few languages	
Barbacoan	SUCCESS	NNLS	(('Colorado [i-cof][w-tsf][a-471][g-colo1256]':0.0395,'Chachi [i-cbi][w-cay][a-1123][g-chac1249]':0.0395)'Southern [i-][w-][a-][g-]':0.0699,'Awa-Cuaiquer [i-kwi][w-awp][a-469][g-awac1239]':0.109)'Barbacoan [i-][w-][a-][g-]';
Huavean	SUCCESS	NNLS	('Huave. San Mateo del Mar [i-huv][w-hve][a-1625][g-sanm1287]':0,'Huave. San Dionisio del Mar [i-hve][w-][a-106][g-sand1278]':0)'Huavean [i-][w-][a-][g-]';
Muran	FAIL	NNLS: too few languages	
Tor-Kwerba	SUCCESS	NNLS	(('Berik [i-bkl][w-brk][a-36][g-beri1254]':0,'Orya [i-ury][w-ory][a-2676][g-orya1242]':0)'Orya-Tor [i-][w-][a-][g-]':0,'Isirawa [i-srl][w-isi][a-2473][g-isir1237]':0)'Tor-Kwerba [i-][w-][a-][g-]';
Bayono-Awbono	FAIL	NNLS: the distances matrix is too small	
Indo-European	SUCCESS	NNLS	((('Sorbian. Upper [i-hsb][w-sou][a-2716][g-uppe1395]':0.0391,('Polish [i-pol][w-pol][a-2330][g-poli1260]':3.47e-18,'Kashubian [i-csb][w-ksu-svc][a-1187-1256][g-kash1274]':3.47e-18)'Lechitic [i-][w-][a-][g-]':0.0391,('Slovak [i-slk][w-svk][a-2444][g-slov1269]':3.47e-18,'Czech [i-ces][w-cze][a-1207][g-czec1258]':3.47e-18)'Czech-Slovak [i-][w-][a-][g-]':0.0391)'West [i-][w-][a-][g-]':0.0776,(('Slovene [i-slv][w-slo][a-2447][g-slov1268]':0.0145,'Croatian [i-hrv][w--scr][a-2471-][g-croa1245-sout1528]':0.0145)'Western [i-][w-][a-][g-]':0.102,('Macedonian [i-mkd][w-mcd][a-2024][g-mace1250]':0.075,'Bulgarian [i-bul][w-bul][a-678][g-bulg1262]':0.075)'Eastern [i-][w-][a-][g-]':0.0417)'South [i-][w-][a-][g-]':3.47e-18,('Ukrainian [i-ukr][w-ukr][a-2660][g-ukra1253]':0.0879,'Russian [i-rus][w-rus][a-340][g-russ1263]':0.0879,'Belarusan [i-bel][w-blr][a-2389][g-bela1254]':0.0879)'East [i-][w-][a-][g-]':0.0288)'Slavic [i-][w-][a-][g-]':0.0585,('Corsican [i-cos][w-][a-3003-432][g-cors1241]':0.0185,('Portuguese [i-por][w-por][a-609][g-port1283]':0.0185,'Galician [i-glg][w-glc][a-1550][g-gali1258]':0.0185)'Portuguese-Galician [i-][w-][a-][g-]':0)'Romance [i-][w-][a-][g-]':0.157,('Persian. Iranian [i-pes][w-prs][a-456][g-west2369]':0.17,('Pashto. Central [i-pst][w-psh][a-2340][g-cent1973]':0.135,'Ossetic [i-oss][w-oss][a-325][g-osse1243]':0.135)'Eastern [i-][w-][a-][g-]':0.0351)'Iranian [i-][w-][a-][g-]':0.00517,('English [i-eng][w-eng][a-74][g-stan1293]':0.111,('Icelandic [i-isl][w-ice][a-110][g-icel1247]':0.0733,'Danish [i-dan][w-dsh][a-1375][g-dani1285]':0.0733)'North [i-][w-][a-][g-]':0.0378)'Germanic [i-][w-][a-][g-]':0.0641,('Gaelic. Scottish [i-gla][w-gae][a-715][g-scot1245]':0.11,('Welsh [i-cym][w-wec-wel][a-2726][g-wels1247]':0.0652,'Breton [i-bre][w-bre][a-1067][g-bret1244]':0.0652)'Brythonic [i-][w-][a-][g-]':0.0446)'Insular [i-][w-][a-][g-]':0.0653,'Lithuanian [i-lit][w-lit][a-1890][g-lith1251]':0.175,'Albanian. Tosk [i-als][w-][a-17][g-tosk1239]':0.175)'Indo-European [i-][w-][a-][g-]';
Muskogean	SUCCESS	NNLS	(('Choctaw [i-cho][w-cct][a-54][g-choc1276]':0.00877,'Chickasaw [i-cic][w-cck][a-1143][g-chic1270]':0.00877)'Western Muskogean [i-][w-][a-][g-]':0.0623,('Muskogee [i-mus][w-crk-smn][a-1182-1255][g-cree1270]':0.0101,('Koasati [i-cku][w-koa][a-135][g-koas1236]':0.0101,'Alabama [i-akz][w-abm][a-618][g-alab1237]':0.0101)'Alabama-Koasati [i-][w-][a-][g-]':0)'Eastern Muskogean [i-][w-][a-][g-]':0.061)'Muskogean [i-][w-][a-][g-]';
Torricelli	SUCCESS	NNLS	('One. Molmo [i-aun][w-one][a-938][g-molm1235]':0.114,('Valman [i-van][w-wal][a-2684][g-valm1241]':0.0798,'Olo [i-ong][w-olo][a-2251][g-oloo1241]':0.0798,'Au [i-avt][w-au][a-943][g-auuu1241]':0.0798)'Wapei [i-][w-][a-][g-]':0.0339,'Arapesh. Bumbita [i-aon][w-][a-24][g-bumb1241]':0.114)'Torricelli [i-][w-][a-][g-]';
Border	SUCCESS	NNLS	(('Waris [i-wrs][w-wrs][a-403][g-wari1266]':0.113,'Manem [i-jet][w-mem][a-1681][g-mane1266]':0.113,'Imonda [i-imn][w-imo][a-112][g-imon1245]':0.113,'Amanab [i-amn][w-amn][a-480][g-aman1265]':0.113)'Waris [i-][w-][a-][g-]':0,'Awyi [i-auw][w-awy][a-939][g-awyi1241]':0.113)'Border [i-][w-][a-][g-]';
Iroquoian	SUCCESS	NNLS	(('Tuscarora [i-tus][w-tus][a-2639][g-tusc1257]':0.0691,('Wyandot [i-wya][w-wya][a-2743][g-wyan1247]':0.0691,(('Oneida [i-one][w-ond][a-461][g-onei1249]':0.0511,'Mohawk [i-moh][w-moh][a-2054][g-moha1258]':0.0511)'Mohawk-Oneida [i-][w-][a-][g-]':0.018,'Seneca [i-see][w-snc][a-349][g-sene1264]':0.0691)'Five Nations-Susquehannock [i-][w-][a-][g-]':0)'Five Nations-Huronian-Susquehannock [i-][w-][a-][g-]':0)'Northern Iroquoian [i-][w-][a-][g-]':0.0312,'Cherokee [i-chr][w-che][a-1134][g-cher1273]':0.1)'Iroquoian [i-][w-][a-][g-]';
Nambiquaran	FAIL	NNLS: the distances matrix is too small	
Totonacan	SUCCESS	NNLS	(('Totonac. Yecuatla [i-tlc][w-tot][a-668][g-yecu1235]':0.0333,'Totonac. Xicotepec de Ju<U+FFFD><U+FFFD>rez [i-too][w-txj][a-2600][g-xico1235]':0.0333,'Totonac. Papantla [i-top][w-tpa][a-509][g-papa1238]':0.0333)'Totonac [i-][w-][a-][g-]':0.211,'Tepehua. Huehuetla [i-tee][w-tee][a-372][g-hueh1236]':0.244)'Totonacan [i-][w-][a-][g-]';
Bororoan	FAIL	NNLS: the distances matrix is too small	
Jabutian	FAIL	NNLS: too few languages with non-missing data	
Niger-Congo	SUCCESS	NNLS	((('Soninke [i-snk][w-snn][a-2458][g-soni1259]':0.0534,('Mende [i-men][w-mde][a-1978][g-mend1266]':0.0534,('Yalunka [i-yal][w-][a-2983][g-yalu1240]':0.0534,('Bamanankan [i-bam][w-bam][a-516][g-bamb1269]':0.0534,'Jeri Kuo [i-jek][w-][a-649][g-jeri1242]':0.0534)'Manding-Jogo [i-][w-][a-][g-]':2.78e-17)'Central [i-][w-][a-][g-]':3.47e-17)'Central-Southwestern [i-][w-][a-][g-]':2.78e-17)'Western [i-][w-][a-][g-]':0.072,'Busa [i-bqp][w-bus][a-1059][g-busa1253]':0.125)'Mande [i-][w-][a-][g-]':0.108,('Ngile [i-jle][w-msk][a-1931][g-ngil1242]':0.232,'Moro [i-mor][w-mro][a-742][g-moro1285]':0.232)'Kordofanian [i-][w-][a-][g-]':0.00137,(((('S<U+FFFD><U+FFFD>noufo. Supyire [i-spp][w-sup][a-497][g-supy1237]':0.138,(('Dagbani [i-dag][w-dgb][a-1213][g-dagb1246]':0.116,'M<U+FFFD><U+FFFD>or<U+FFFD><U+FFFD> [i-mos][w-moo][a-1991][g-moss1236]':0.116)'Western [i-][w-][a-][g-]':0.0136,'Koromf<U+FFFD><U+FFFD> [i-kfz][w-kfe][a-546][g-koro1298]':0.13)'Northern [i-][w-][a-][g-]':0.00847)'Gur [i-][w-][a-][g-]':2.78e-17,(('Zande [i-zne][w-zan][a-2802][g-zand1248]':0.0962,('Baka [i-bkc][w-bak][a-1029][g-baka1272]':0.0962,'Mba [i-mfc][w-mba][a-1974][g-mbaa1245]':0.0962)'Ngbaka-Mba [i-][w-][a-][g-]':4.16e-17,('Gbaya. Southwest [i-gso][w-][a-1961][g-sout2785]':0.0603,'Gbaya. Northwest [i-gya][w-gbk][a-1586][g-nort2775]':0.0603,'Gbaya-Bossangoa [i-gbp][w-gbb][a-85][g-gbay1287]':0.0603)'Gbaya-Manza-Ngbaka [i-][w-][a-][g-]':0.0359)'Ubangi [i-][w-][a-][g-]':0.00753,((('Mbum [i-mdd][w-mbm][a-1956][g-mbum1254]':0.0294,'Mundang [i-mua][w-mdg][a-2093][g-mund1325]':0.0294)'Mbum [i-][w-][a-][g-]':0.0218,'Day [i-dai][w-day][a-1214][g-dayy1236]':0.0512)'Mbum-Day [i-][w-][a-][g-]':0.048,('Mumuye [i-mzm][w-mum][a-2096][g-nucl1240]':0.0992,'Samba Leko [i-ndi][w-sle][a-2148][g-samb1305]':0.0992,'Doyayo [i-dow][w-doy][a-1382][g-doya1240]':0.0992)'Leko-Nimbari [i-][w-][a-][g-]':2.78e-17)'Adamawa [i-][w-][a-][g-]':0.00453)'Adamawa-Ubangi [i-][w-][a-][g-]':0.0346)'North [i-][w-][a-][g-]':2.78e-17,(((('Baoul<U+FFFD><U+FFFD> [i-bci][w-ble][a-974][g-baou1238]':0.0778,'Akan [i-aka][w-akn][a-2645][g-akan1250]':0.0778)'Central [i-][w-][a-][g-]':2.78e-17,'Lelemi [i-lef][w-llm][a-1878][g-lele1264]':0.0778,'Ega [i-ega][w-ega][a-1322][g-egaa1242]':0.0778)'Potou-Tano [i-][w-][a-][g-]':2.78e-17,'Ga [i-gaa][w-ga][a-1514][g-gaaa1244]':0.0778)'Nyo [i-][w-][a-][g-]':2.78e-17,'Fon [i-fon][w-fon][a-1492][g-fonn1241]':0.0778)'Kwa [i-][w-][a-][g-]':0.0606,'Klao [i-klu][w-kla][a-1780][g-klao1243]':0.138,(('Fyam [i-pym][w-fye][a-2348][g-fyam1238]':0.131,'Berom [i-bom][w-bir][a-1050][g-bero1242]':0.131)'Plateau [i-][w-][a-][g-]':0.00695,(('Nupe-Nupe-Tako [i-nup][w-nup][a-2218][g-nupe1254]':0.138,'Gbari [i-gby][w-][a-1526][g-gbar1246]':0.138)'Nupe-Gbagyi [i-][w-][a-][g-]':2.78e-17,'Ebira [i-igb][w-ebi][a-1639][g-ebir1243]':0.138)'Nupoid [i-][w-][a-][g-]':0,'Igbo [i-ibo][w-igb][a-531][g-nucl1417]':0.138,('Engenni [i-enn][w-egn][a-1473][g-enge1239]':0.132,'Degema [i-deg][w-deg][a-1272][g-dege1246]':0.132)'Delta [i-][w-][a-][g-]':0.00642,'Yoruba [i-yor][w-yor][a-421][g-yoru1245]':0.138,('Khana [i-ogo][w-kan][a-1728][g-khan1278]':0.129,('Efik [i-efi][w-efi][a-604][g-efik1245]':2.78e-17,'Obolo [i-ann][w-obo][a-897][g-obol1243]':2.78e-17)'Obolo [i-][w-][a-][g-]':0.129)'Delta Cross [i-][w-][a-][g-]':0.00892,(((('Aghem [i-agq][w-agh][a-852][g-aghe1239]':2.78e-17,'Vengo [i-bav][w-bab][a-488][g-veng1238]':2.78e-17)'Ring [i-][w-][a-][g-]':0.0323,'Bambili-Bambui [i-baw][w-mbi][a-964][g-bamb1266]':0.0323)'Narrow Grassfields [i-][w-][a-][g-]':0.0773,'Tikar [i-tik][w-tik][a-2570][g-tika1246]':0.11,((('Ntomba [i-nto][w-nto][a-2213][g-ntom1248]':0.0313,'Lingala [i-lin][w-lin][a-1888][g-ling1263]':0.0313)'C [i-][w-][a-][g-]':0.0606,'Sangu [i-snq][w-sgu][a-2460][g-sang1333]':0.0918,('Ewondo [i-ewo][w-ewo][a-1485][g-ewon1239]':0.0918,'Duala [i-dua][w-dua][a-1381][g-dual1243]':0.0918,'Tunen [i-tvu][w-][a-966][g-tune1261]':0.0918,'Basaa [i-bas][w-bas][a-957][g-basa1284]':0.0918)'A [i-][w-][a-][g-]':4.16e-17)'Northwest [i-][w-][a-][g-]':0.0177,(('Sotho. Southern [i-sot][w-ses][a-2484][g-sout2807]':0.0806,'Sotho. Northern [i-nso][w-stn][a-2478][g-pedi1238]':0.0806,'Ndebele [i-nbl][w-ndb][a-2154][g-sout2808]':0.0806)'S [i-][w-][a-][g-]':0.029,'Makhuwa [i-vmw][w-][a-2695][g-makh1264]':0.11,'Nsenga [i-nse][w-nse][a-2203][g-nsen1242]':0.11,('Ila [i-ilb][w-ila][a-1643][g-ilaa1246]':0.0455,'Bemba [i-bem][w-][a-1042][g-bemb1257]':0.0455)'M [i-][w-][a-][g-]':0.0641,'Lunda [i-lun][w-lbu][a-1923][g-lund1266]':0.11,'Luvale [i-lue][w-luv][a-553][g-luva1239]':0.11,('Rwanda [i-kin][w-kin][a-2386][g-kiny1244]':0.11,'Ganda [i-lug][w-lda][a-165][g-gand1255]':0.11,'Chiga [i-cgg][w-nko][a-562][g-chig1238]':0.11,'Nande [i-nnb][w-nde][a-1776][g-nand1264]':0.11)'J [i-][w-][a-][g-]':2.78e-17,'Kimbundu [i-kmb][w-][a-634][g-kimb1241]':0.11,'Kisi [i-kiz][w-][a-643][g-kisi1243]':0.11,'Gikuyu [i-kik][w-kik][a-740][g-kiku1240]':0.11,('Nyanga [i-nyj][w-nng][a-2227][g-nyan1304]':0.0962,'Komo [i-kmw][w-][a-1793][g-komo1260]':0.0962)'D [i-][w-][a-][g-]':0.0134)'Central [i-][w-][a-][g-]':2.78e-17)'Narrow Bantu [i-][w-][a-][g-]':2.78e-17,'Noone [i-nhu][w-non][a-2168][g-noon1243]':0.11)'Southern [i-][w-][a-][g-]':2.78e-17,'Mambila. Nigeria [i-mzk][w-][a-2114][g-nige1255]':0.11)'Bantoid [i-][w-][a-][g-]':0.0288)'Benue-Congo [i-][w-][a-][g-]':2.78e-17)'Volta-Congo [i-][w-][a-][g-]':0.00765,'Izon [i-ijc][w-ijo][a-305][g-izon1238]':0.146,('Themne [i-tem][w-tne][a-2546][g-timn1235]':0.103,(('Wolof [i-wol][w-wlf][a-2735][g-nucl1347]':0.0999,'Fulfulde. Nigerian [i-fuv][w-fni][a-1511][g-nige1253]':0.0999)'Fula-Wolof [i-][w-][a-][g-]':2.78e-17,('Noon [i-snf][w-noo][a-2455][g-noon1242]':0.0399,'Ndut [i-ndv][w-ndt][a-2150][g-ndut1239]':0.0399)'Cangin [i-][w-][a-][g-]':0.06,('Jola-Fonyi [i-dyo][w-dio][a-524][g-jola1263]':0.0333,'Balanta-Ganja [i-bjt][w--blz][a-1027-][g-bala1302-bala1300]':0.0333)'Bak [i-][w-][a-][g-]':0.0666)'Northern [i-][w-][a-][g-]':0.003)'Atlantic [i-][w-][a-][g-]':0.0431)'Atlantic-Congo [i-][w-][a-][g-]':0.0875)'Niger-Congo [i-][w-][a-][g-]';
Trans-New Guinea	FAIL	NNLS: too few languages with non-missing data	
Botocudoan	FAIL	NNLS: too few languages	
Japonic	FAIL	NNLS: too few languages with non-missing data	
Nilo-Saharan	SUCCESS	NNLS	(('Zarma [i-dje][w-zar][a-1332][g-zarm1239]':0.138,'Songhay. Koyraboro Senni [i-ses][w-kse][a-144][g-koyr1242]':0.138,'Songhay. Koyra Chiini [i-khq][w-kch][a-443][g-koyr1240]':0.138)'Southern [i-][w-][a-][g-]':0.0746,('Tedaga [i-tuq][w-][a-1217][g-teda1241]':0.04,'Kanembu [i-kbl][w-kbu][a-1707][g-kane1243]':0.04)'Western [i-][w-][a-][g-]':0.173,('Runga [i-rou][w-run][a-2381][g-rung1258]':0.111,'Masalit [i-mls][w-msl][a-2082][g-nucl1440]':0.111,'Maba [i-mde][w-mab][a-554][g-maba1277]':0.111)'Maban [i-][w-][a-][g-]':0.102,'Kunama [i-kun][w-knm][a-147][g-kuna1268]':0.213,'Gumuz [i-guk][w-gmz][a-91][g-gumu1244]':0.213,('Krongo [i-kgo][w-kro][a-495][g-kron1241]':0.164,'Katcha-Kadugli-Miri [i-xtc][w-kad-ktc][a-1337-1338][g-katc1249]':0.164)'Kadugli-Krongo [i-][w-][a-][g-]':0.0486,'Fur [i-fvr][w-fur][a-81][g-furr1244]':0.213,(('Temein [i-teq][w-tmn][a-2550][g-nucl1339]':0.181,('Tama [i-tma][w-mii-tma][a-1430-2584][g-tama1331]':0,'Assangori [i-sjg][w-sug][a-2496][g-assa1269]':0)'Tama-Sungor [i-][w-][a-][g-]':0.181,'Ama [i-nyi][w-nyi][a-744][g-amas1236]':0.181,('Daju. Dar Sila [i-dau][w-sil][a-1225][g-dars1235]':0.174,'Shatt [i-shj][w-sht][a-2422][g-shat1244]':0.174)'Daju [i-][w-][a-][g-]':0.00737)'Western [i-][w-][a-][g-]':0,(((('Dholuo [i-luo][w-luo][a-1919][g-luok1236]':0.0558,('Lango [i-laj][w-lan][a-159][g-lang1324]':0.0558,'Acholi [i-ach][w-acl][a-603][g-acol1236]':0.0558)'Lango-Acholi [i-][w-][a-][g-]':0)'Luo-Acholi [i-][w-][a-][g-]':0.0351,('P<U+FFFD><U+FFFD>ri [i-lkr][w-par][a-1894][g-pari1256]':0.0713,'Shilluk [i-shk][w-shl][a-2423][g-shil1265]':0.0713,'Luwo [i-lwo][w-jlu][a-1924][g-luwo1239]':0.0713,'Anuak [i-anu][w-any][a-900][g-anua1242]':0.0713)'Northern [i-][w-][a-][g-]':0.0195)'Luo [i-][w-][a-][g-]':0.0517,'Nuer [i-nus][w-nue][a-2219][g-nuer1246]':0.143)'Western [i-][w-][a-][g-]':0,('P<U+FFFD><U+FFFD>koot [i-pko][w-pkt][a-2304][g-poko1263]':0.0673,'Nandi [i-niq][w-][a-299][g-nand1266]':0.0673,'Kupsapiiny [i-kpz][w-seb][a-1809][g-kups1238]':0.0673)'Kalenjin [i-][w-][a-][g-]':0.0753,(((('Turkana [i-tuv][w-tna][a-2641][g-turk1308]':0.0536,'Ng<U+FFFD><U+FFFD><U+FFFD>akarimojong [i-kdj][w-kmj][a-1723][g-kara1483]':0.0536)'Turkana [i-][w-][a-][g-]':0.00377,'Teso [i-teo][w-tes][a-2548][g-teso1249]':0.0573)'Teso-Turkana [i-][w-][a-][g-]':0.0259,'Maasai [i-mas][w-maa][a-167][g-masa1300]':0.0832)'Lotuxo-Teso [i-][w-][a-][g-]':0.0565,'Bari [i-bfa][w-bar-kuk][a-1000-1233][g-bari1284]':0.14)'Eastern [i-][w-][a-][g-]':0.00281)'Nilotic [i-][w-][a-][g-]':0.0387,('Soo [i-teu][w-so][a-2552][g-sooo1256]':0.0526,'Ik [i-ikx][w-ik][a-111][g-ikkk1242]':0.0526)'Kuliak [i-][w-][a-][g-]':0.129,(((('Tennet [i-tex][w-ten][a-2554][g-tenn1246]':0.0468,'Murle [i-mur][w-mrl][a-559][g-murl1244]':0.0468,'Didinga [i-did][w-did][a-1321][g-didi1258]':0.0468)'Didinga-Murle [i-][w-][a-][g-]':0.111,((('Suri [i-suq][w-cai-trm][a-1413-1414][g-suri1267]':0.107,'Mursi [i-muz][w-mur][a-2098][g-murs1242]':0.107)'Suri [i-][w-][a-][g-]':0,'Me<U+FFFD><U+FFFD><U+FFFD>en [i-mym][w-mee][a-2117][g-meen1242]':0.107)'Pastoral [i-][w-][a-][g-]':0.0503,'Kwegu [i-xwg][w-koe][a-2772][g-kweg1241]':0.157)'Southeast [i-][w-][a-][g-]':0)'South [i-][w-][a-][g-]':0,'Majang [i-mpe][w-maj][a-2063][g-maja1242]':0.157)'Surmic [i-][w-][a-][g-]':0.0238,('Andaandi [i-dgl][w-][a-69][g-nubi1251]':0.0175,'Mattokki [i-xnz][w-][a-1348][g-kenu1243]':0.0175)'Central [i-][w-][a-][g-]':0.164,'Nara [i-nrb][w-nar][a-207][g-nara1262]':0.181,'Gaam [i-tbi][w-igs][a-2525][g-gaam1241]':0.181)'Eastern [i-][w-][a-][g-]':0)'Eastern Sudanic [i-][w-][a-][g-]':0.0314,((('Gbaya [i-krs][w-kre][a-1815][g-gbay1288]':0.0385,'Aja [i-aja][w-aja][a-866][g-ajas1235]':0.0385)'Kresh [i-][w-][a-][g-]':0.0481,((('Ngambay [i-sba][w-ngm][a-2395][g-ngam1268]':0.03,'Mbay [i-myb][w-mby][a-2115][g-mbay1241]':0.03)'Sara Proper [i-][w-][a-][g-]':0.0452,('Kenga [i-kyq][w-ken][a-1854][g-keng1240]':0.0608,'Gula [i-glu][w-gul][a-1551][g-gula1269]':0.0608,'Bagirmi [i-bmi][w-bag][a-515][g-bagi1246]':0.0608)'Bagirmi [i-][w-][a-][g-]':0.0144)'Sara-Bagirmi [i-][w-][a-][g-]':0.0114,('Yulu [i-yul][w-big-yul][a-1458-2793][g-yulu1243]':0.0667,'Furu [i-fuu][w-bgr][a-1510][g-furu1242]':0.0667)'Kara [i-][w-][a-][g-]':0.0199,('Jur Modo [i-bex][w-jmo][a-999][g-jurm1239]':0.0865,'Bongo [i-bot][w-bgo][a-1053][g-bong1285]':0.0865,'Baka [i-bdh][w-bka][a-986][g-baka1274]':0.0865)'Bongo-Baka [i-][w-][a-][g-]':0)'Bongo-Bagirmi [i-][w-][a-][g-]':0)'West [i-][w-][a-][g-]':0.126,(('Ma<U+FFFD><U+FFFD><U+FFFD>di [i-mhi][w-mad][a-1988][g-madi1260]':0.0864,'Moru [i-mgd][w-mou][a-1979][g-moru1253]':0.0864,('Lugbara [i-lgg][w-lug][a-163][g-lugb1240]':0.0864,'Avokaya [i-avu][w-avo][a-944][g-avok1242]':0.0864)'Central [i-][w-][a-][g-]':0)'Moru-Madi [i-][w-][a-][g-]':0.126,'Mamvu [i-mdi][w-mmv][a-1959][g-mamv1243]':0.213,'Mangbetu [i-mdj][w-mbt][a-1960][g-mang1394]':0.213,('Ngiti [i-niy][w-nti][a-561][g-ngit1239]':0.0854,'Lendu [i-led][w-ldu][a-1876][g-lend1245]':0.0854)'Lendu [i-][w-][a-][g-]':0.127)'East [i-][w-][a-][g-]':0)'Central Sudanic [i-][w-][a-][g-]':0,'Berta [i-wti][w-ber][a-2741][g-bert1248]':0.213)'Nilo-Saharan [i-][w-][a-][g-]';
Nass-Gitksan	SUCCESS	NNLS	((('Nisga<U+FFFD><U+FFFD><U+FFFD>a [i-ncg][w-nsg][a-654][g-nisg1240]':0.144,'Gitxsan [i-git][w-git][a-88][g-gitx1241]':0.144)'Nass-Gitksan [i-][w-][a-][g-]':0.0357,'Tsimshian [i-tsi][w-tsi][a-522][g-nucl1649]':0.179)'Nass-Gitksan [i-][w-][a-][g-]':1);
Caddoan	SUCCESS	NNLS	(('Pawnee [i-paw][w-pwn][a-331][g-pawn1254]':0,'Arikara [i-ari][w-akr][a-921][g-arik1262]':0)'Proto-Pawnee [i-][w-][a-][g-]':0.04,'Wichita [i-wic][w-wic][a-577][g-wich1260]':0.04)'Northern Caddoan [i-][w-][a-][g-]';
Jean	SUCCESS	NNLS	(('Kaingang [i-kgp][w-kng][a-1741][g-kain1272]':0.0974,'Xokleng [i-xok][w-xok][a-646][g-xokl1240]':0.0974)'Southern [i-][w-][a-][g-]':0,(('Krah<U+FFFD><U+FFFD> [i-xra][w-krh][a-2755][g-krah1246]':0.0289,'Canela [i-ram][w-ckr-cnl][a-43-756][g-cane1242]':0.0289)'Timbira [i-][w-][a-][g-]':1.73e-17,'Kayap<U+FFFD><U+FFFD> [i-txu][w-kyp][a-2647][g-kaya1330]':0.0289,'Apinay<U+FFFD><U+FFFD> [i-apn][w-api][a-911][g-apin1244]':0.0289)'Northern [i-][w-][a-][g-]':0.0685)'Jean [i-][w-][a-][g-]';
Nimboran	FAIL	NNLS: too few languages with non-missing data	
Tucanoan	SUCCESS	NNLS	((('Siona [i-snn][w-sin][a-2428][g-sion1247]':0.0417,'Secoya [i-sey][w-sec][a-2415][g-seco1241]':0.0417)'Macaguaje [i-][w-][a-][g-]':0.0917,'Tanimuca-Retuar<U+FFFD><U+FFFD> [i-tnc][w-ret][a-2591][g-tani1257]':0.133,'Orej<U+FFFD><U+FFFD>n [i-ore][w-ore][a-2254][g-orej1242]':0.133,'Koreguaje [i-coe][w-kje][a-1169][g-kore1283]':0.133)'Western Tucanoan [i-][w-][a-][g-]':0,(('Wajiara [i-yui][w-yrt][a-2791][g-yuru1263]':0.0786,'Tucano [i-tuo][w-tuc][a-2637][g-tuca1252]':0.0786)'Tucano [i-][w-][a-][g-]':0,('Siriano [i-sri][w-sri][a-2472][g-siri1274]':0,'Desano [i-des][w-des][a-1276][g-desa1247]':0)'Desano-Siriano [i-][w-][a-][g-]':0.0786,('Tatuyo [i-tav][w-tty][a-2520][g-tatu1247]':0,'Carapana [i-cbc][w-crp][a-1119][g-cara1272]':0)'Carapano [i-][w-][a-][g-]':0.0786,('Waimaha [i-bao][w-bno][a-962][g-waim1255]':0.0427,'Tuyuca [i-tue][w-tuy][a-2634][g-tuyu1244]':0.0427,'Barasana-Eduria [i-bsn][w-brs][a-493][g-bara1380]':0.0427)'Bar<U+FFFD><U+FFFD>-Tuyuka [i-][w-][a-][g-]':0.0358,'Piratapuyo [i-pir][w-prt][a-2299][g-pira1254]':0.0786,'Macuna [i-myy][w-mcn][a-2122][g-macu1260]':0.0786,'Guanano [i-gvc][w-gno][a-1577][g-guan1269]':0.0786)'Eastern Tucanoan [i-][w-][a-][g-]':0.0548,'Cubeo [i-cub][w-cub][a-1200][g-cube1242]':0.133)'Tucanoan [i-][w-][a-][g-]';
Cahuapanan	SUCCESS	NNLS	(('Jebero [i-jeb][w-jeb][a-1677][g-jebe1250]':0.5,'Chayahuita [i-cbt][w-chy][a-599][g-chay1248]':0.5)'Cahuapanan [i-][w-][a-][g-]':1);
Jicaquean	FAIL	NNLS: too few languages	
North Bougainville	SUCCESS	NNLS	('Rotokas [i-roo][w-rtk][a-2378][g-roto1249]':0,'Rapoisi [i-kyx][w-knu][a-140][g-rapo1238]':0)'North Bougainville [i-][w-][a-][g-]';
Tupian	SUCCESS	NNLS	((('Wayampi [i-oym][w-way][a-2265][g-waya1270]':0.0979,'Kaapor [i-urb][w-urk][a-574][g-urub1250]':0.0979)'Wayamp<U+FFFD><U+FFFD> [i-][w-][a-][g-]':1.39e-17,'Omagua [i-omg][w-oma][a-2250][g-omag1248]':0.0979,'Guajaj<U+FFFD><U+FFFD>ra [i-gub][w-gjj][a-1566][g-guaj1255]':0.0979,('<U+FFFD><U+FFFD>andeva [i-tpj][w-tpt][a-2514][g-tapi1253]':0.0979,'Guaran<U+FFFD><U+FFFD>. Paraguayan [i-gug][w-gua][a-89][g-para1311]':0.0979)'Guaran<U+FFFD><U+FFFD> [i-][w-][a-][g-]':0)'Tup<U+FFFD><U+FFFD>-Guaran<U+FFFD><U+FFFD> [i-][w-][a-][g-]':0.0151,'Munduruk<U+FFFD><U+FFFD> [i-myu][w-muu][a-2119][g-mund1330]':0.113)'Tupian [i-][w-][a-][g-]';
Cariban	SUCCESS	NNLS	('Yukpa [i-yup][w-ykp][a-2795][g-yukp1241]':0.126,'Hixkary<U+FFFD><U+FFFD>na [i-hix][w-hix][a-101][g-hixk1239]':0.126,'Carijona [i-cbd][w-crj-hia-umu][a-1120-1245-1246-769][g-cari1279]':0.126,'Carib [i-car][w-car][a-476][g-gali1262]':0.126)'Cariban [i-][w-][a-][g-]';
Jivaro	SUCCESS	NNLS	((('Shuar [i-jiv][w-jiv][a-352][g-shua1257]':0.0549,'Huambisa [i-hub][w-hmb][a-1620][g-huam1247]':0.0549,'Achuar-Shiwiar [i-acu][w-acu][a-832][g-achu1248]':0.0549)'J<U+FFFD><U+FFFD>varo [i-][w-][a-][g-]':6.94e-18,'Aguaruna [i-agr][w-agr][a-853][g-agua1253]':0.0549)'Jivaro [i-][w-][a-][g-]':1);
North Caucasian	SUCCESS	NNLS	(('Ubykh [i-uby][w-uby][a-2656][g-ubyk1235]':0.0919,('Kabardian [i-kbd][w-kab][a-675][g-kaba1278]':0.0132,'Adyghe [i-ady][w-adt-ady-ash][a-1210-1211-1212-458][g-adyg1241]':0.0132)'Circassian [i-][w-][a-][g-]':0.0788,('Abkhaz [i-abk][w-abk][a-7][g-abkh1244]':0.0122,'Abaza [i-abq][w-abz][a-824][g-abaz1241]':0.0122)'Abkhaz-Abazin [i-][w-][a-][g-]':0.0797)'West Caucasian [i-][w-][a-][g-]':0.0624,((('Khvarshi [i-khv][w-khv][a-1751][g-khva1239]':0.0648,'Hinukh [i-gin][w-hnk][a-1542][g-hinu1240]':0.0648,'Dido [i-ddo][w-tsz][a-1263][g-dido1241]':0.0648)'West Tsezic [i-][w-][a-][g-]':0,('Hunzib [i-huz][w-hzb][a-530][g-hunz1247]':0.0357,'Bezhta [i-kap][w-bez][a-1700][g-bezh1248]':0.0357)'East Tsezic [i-][w-][a-][g-]':0.0291)'Tsezic [i-][w-][a-][g-]':0.0869,(('Ingush [i-inh][w-ing][a-114][g-ingu1240]':0.0726,'Chechen [i-che][w-chc][a-49][g-chec1245]':0.0726)'Chechen-Ingush [i-][w-][a-][g-]':0.0307,'Bats [i-bbl][w-ttu][a-970][g-bats1242]':0.103)'Nakh [i-][w-][a-][g-]':0.0484,('Udi [i-udi][w-udi][a-389][g-udii1243]':0.152,('Rutul [i-rut][w-rut][a-2388][g-rutu1240]':0.152,('Kryts [i-kry][w-krz][a-1816][g-kryt1240]':0,'Budukh [i-bdk][w-bdk][a-987][g-budu1248]':0)'South Lezgic [i-][w-][a-][g-]':0.152,'Lezgi [i-lez][w-lez][a-162][g-lezg1247]':0.152)'Nuclear Lezgic [i-][w-][a-][g-]':0,'Archi [i-aqc][w-arc][a-917][g-arch1244]':0.152)'Lezgic [i-][w-][a-][g-]':0,'Lak [i-lbe][w-lak][a-155][g-lakk1252]':0.152,'Khinalugh [i-kjj][w-khi][a-413][g-khin1240]':0.152,('Tindi [i-tin][w-tnd][a-2572][g-tind1238]':0.00909,'Karata [i-kpt][w-krt][a-1807][g-kara1474]':0.00909,'Ghodoberi [i-gdo][w-god][a-1531][g-ghod1238]':0.00909,'Chamalal [i-cji][w-chm][a-1149][g-cham1309]':0.00909,'Bagvalal [i-kva][w-bgv][a-1840][g-bagv1239]':0.00909)'Andic [i-][w-][a-][g-]':0.143)'East Caucasian [i-][w-][a-][g-]':0.00267)'North Caucasian [i-][w-][a-][g-]';
Unclassified	SUCCESS	NNLS	('Shabo [i-sbf][w-shb][a-2397][g-shab1252]':0.223,'Laal [i-gdm][w-laa][a-1530][g-laal1242]':0.223,'Kara [i-kah][w-kar][a-1697][g-kara1482]':0.223,'Enggano [i-eno][w-eno][a-1474][g-engg1245]':0.223)'Unclassified [i-][w-][a-][g-]';
Central Solomons	SUCCESS	NNLS	('Savosavo [i-svs][w-svs][a-2500][g-savo1255]':0.312,'Lavukaleve [i-lvk][w-lav][a-550][g-lavu1241]':0.312,'Bilua [i-blb][w-bil][a-1035][g-bilu1245]':0.312)'Central Solomons [i-][w-][a-][g-]';
Kamakan	FAIL	NNLS: too few languages	
Otomanguean	SUCCESS	NNLS	(('Me<U+FFFD><U+FFFD><U+FFFD>phaa. Malinaltepec [i-tcf][w--tlp][a-2606-][g-mali1285-acat1239]':0.147,(('Pame. Central [i-pbs][w-pam][a-2277][g-cent2145]':0.147,'Otomi. Mezquital [i-ote][w-otm][a-498][g-mezq1235]':0.147)'Oto-Pamean [i-][w-][a-][g-]':1.39e-17,('Chinantec. Quiotepec [i-chq][w-chq][a-1138][g-quio1240]':0.142,'Chinantec. Lealao [i-cle][w-cle][a-551][g-leal1235]':0.142)'Chinantecan [i-][w-][a-][g-]':0.00541)'Oto-Pame-Chinantecan [i-][w-][a-][g-]':1.39e-17)'Western Otomanguean [i-][w-][a-][g-]':1.39e-17,(('Zapotec. Mitla [i-zaw][w-zap][a-2804][g-mitl1236]':0.0956,'Zapotec. Isthmus [i-zai][w-zai][a-459][g-isth1244]':0.0956)'Zapotec [i-][w-][a-][g-]':0,'Chatino. Western Highland [i-ctp][w-cso-cya][a-1198-1258][g-west2644]':0.0956)'Zapotecan [i-][w-][a-][g-]':0.0514)'Otomanguean [i-][w-][a-][g-]';
Uralic	SUCCESS	NNLS	((('Selkup [i-sel][w-skp][a-2393][g-selk1253]':0,'Kamas [i-xas][w-kms][a-2746][g-kama1351]':0)'Southern Samoyed [i-][w-][a-][g-]':0.0474,('Enets. Forest [i-enf][w--ene][a-713-][g-fore1265-enet1250]':0.0353,'Nganasan [i-nio][w-nga][a-2172][g-ngan1291]':0.0353,'Nenets [i-yrk][w-nen-ntu][a-205-716][g-nene1249]':0.0353)'Northern Samoyed [i-][w-][a-][g-]':0.0121)'Samoyed [i-][w-][a-][g-]':0.195,'Saami. North [i-sme][w-sno][a-700][g-nort2671]':0.242,('Komi-Permyak [i-koi][w-kop][a-717][g-komi1269]':0,'Udmurt [i-udm][w-udm][a-679][g-udmu1245]':0)'Permian [i-][w-][a-][g-]':0.242,'Erzya [i-myv][w-moe][a-2120][g-erzy1239]':0.242,('Mari. Meadow [i-mhr][w-mme][a-1928][g-east2328]':0,'Mari. Hill [i-mrj][w-mah][a-2078][g-west2392]':0)'Mari [i-][w-][a-][g-]':0.242,('Vod [i-vot][w-vot][a-2696][g-voti1245]':0.0658,'Veps [i-vep][w-vep][a-2689][g-veps1250]':0.0658,'Liv [i-liv][w-liv][a-1891][g-livv1244]':0.0658,'Karelian [i-krl][w-krl][a-1814][g-kare1335]':0.0658,'Ingrian [i-izh][w-izh][a-1666][g-ingr1248]':0.0658,'Finnish [i-fin][w-fin][a-78][g-finn1318]':0.0658)'Finnic [i-][w-][a-][g-]':0.176,'Mansi [i-mns][w-mns][a-680][g-mans1258]':0.242,'Khanty [i-kca][w-kty][a-681][g-khan1273]':0.242,'Hungarian [i-hun][w-hun][a-107][g-hung1274]':0.242)'Uralic [i-][w-][a-][g-]';
Chapacuran	FAIL	NNLS: the distances matrix is too small	
Karaja	FAIL	NNLS: too few languages	
Paezan	SUCCESS	NNLS	('P<U+FFFD><U+FFFD>ez [i-pbb][w-pae][a-326][g-paez1247]':0.149,'Guambiano [i-gum][w-gmb][a-1570][g-guam1248]':0.149)'Paezan [i-][w-][a-][g-]';
Uto-Aztecan	SUCCESS	NNLS	((((('Tarahumara. Western [i-tac][w-twe][a-2512-689][g-lowl1265]':0.0625,'Tarahumara. Central [i-tar][w-tce][a-2519][g-cent2131]':0.0625)'Tarahumara [i-][w-][a-][g-]':0.0903,'Huarij<U+FFFD><U+FFFD>o [i-var][w-grj][a-2685-2939][g-huar1255]':0.153)'Tarahumaran [i-][w-][a-][g-]':0,'Opata [i-opt][w-eud][a-765][g-opat1246]':0.153,'Yaqui [i-yaq][w-yaq][a-503][g-yaqu1251]':0.153)'Taracahitic [i-][w-][a-][g-]':0.0616,(('Tepehuan. Southeastern [i-stp][w-tps][a-2544][g-sout2976]':0.121,'Tepehuan. Northern [i-ntp][w-tpn][a-2214][g-nort2959]':0.121)'Tepehuan [i-][w-][a-][g-]':0.0393,'Tohono O<U+FFFD><U+FFFD><U+FFFD>odham [i-ood][w-nev-ood][a-1383-328][g-toho1245]':0.16,'Pima Bajo [i-pia][w-pba][a-2291][g-pima1248]':0.16)'Pimic [i-][w-][a-][g-]':0.0544,((('Nahuatl. Western Huasteca [i-nhw][w-][a-2130][g-west2624]':0.0866,'Nahuatl. Tetelcingo [i-nhg][w-nht][a-572][g-tete1251]':0.0866,'Nahuatl. Northern Puebla [i-ncj][w-nhn][a-2144][g-nort2957]':0.0866,'Nahuatl. Michoac<U+FFFD><U+FFFD>n [i-ncl][w-nhm][a-2145][g-mich1245]':0.0866)'Nahuatl [i-][w-][a-][g-]':0.069,'Pipil [i-ppl][w-pip][a-332][g-pipi1250]':0.156)'Core Nahua [i-][w-][a-][g-]':0.0183,('Cora. El Nayar [i-crn][w-cor][a-688][g-elna1235]':0.174,'Huichol [i-hch][w-hui][a-1600][g-huic1243]':0.174)'Cora-Huichol [i-][w-][a-][g-]':0)'Corachol-Aztecan [i-][w-][a-][g-]':0.0406)'Southern Uto-Aztecan [i-][w-][a-][g-]':0,(('Cahuilla [i-chl][w-cah][a-520][g-cahu1264]':0.126,'Luise<U+FFFD><U+FFFD>o [i-lui][w-lui][a-166][g-luis1253]':0.126)'Takic [i-][w-][a-][g-]':0.00646,(('Paiute. Northern [i-pao][w-pno][a-718][g-nort2954]':0.125,'Mono [i-mnr][w-mno][a-2057][g-mono1275]':0.125)'Western [i-][w-][a-][g-]':0.00785,('Ute-Southern Paiute [i-ute][w-cmh-put-ute][a-1441-441][g-utes1238]':0.133,'Kawaiisu [i-xaw][w-kws][a-1703][g-kawa1283]':0.133)'Southern [i-][w-][a-][g-]':0,('Timbisha [i-par][w-tsh][a-2271][g-pana1305]':0.108,'Comanche [i-com][w-cmn][a-523][g-coma1245]':0.108)'Central [i-][w-][a-][g-]':0.0244)'Numic [i-][w-][a-][g-]':0,'Hopi [i-hop][w-hop][a-687][g-hopi1249]':0.133)'Northern Uto-Aztecan [i-][w-][a-][g-]':0.0816)'Uto-Aztecan [i-][w-][a-][g-]';
Chibchan	SUCCESS	NNLS	(('Rama [i-rma][w-ram][a-454][g-rama1270]':0.152,('Kuna. Border [i-kvn][w-kun][a-1833][g-bord1248]':0.129,(('Tunebo. Central [i-tuf][w-][a-2592][g-cent2150]':0,'Bar<U+FFFD><U+FFFD> [i-mot][w-mti][a-2059][g-bari1297]':0)'Southern Colombian [i-][w-][a-][g-]':0.129,((('Malayo [i-mbp][w-dam][a-1940][g-mala1522]':0.129,'Arhuaco [i-arh][w-ika][a-532][g-arhu1242]':0.129)'Southern and Eastern Arhuacan [i-][w-][a-][g-]':0,'Kogi [i-kog][w-cog][a-1792][g-cogu1240]':0.129)'Arhuacan [i-][w-][a-][g-]':0,'Chimila [i-cbg][w-cma][a-1122][g-chim1309]':0.129)'Northern Colombian [i-][w-][a-][g-]':0)'Colombian [i-][w-][a-][g-]':0)'Eastern Chibchan [i-][w-][a-][g-]':0.0224)'Chibchan B [i-][w-][a-][g-]':0,('Cab<U+FFFD><U+FFFD>car [i-cjp][w-cab][a-1152][g-cabe1245]':0.152,'Ng<U+FFFD><U+FFFD>bere [i-gym][w-nbr][a-90][g-ngab1239]':0.152,'Teribe [i-tfr][w-trb][a-2556][g-teri1250]':0.152,'Boruca [i-brn][w-brc][a-1066][g-boru1252]':0.152)'Chibchan A [i-][w-][a-][g-]':0)'Chibchan [i-][w-][a-][g-]';
Kartvelian	SUCCESS	NNLS	(('Mingrelian [i-xmf][w-mgl][a-2752][g-ming1252]':0.1,'Laz [i-lzz][w-laz][a-1926-2971][g-lazz1240]':0.1)'Zan [i-][w-][a-][g-]':0.109,'Svan [i-sva][w-sva][a-481][g-svan1243]':0.209,'Georgian [i-kat][w-geo][a-86][g-nucl1302]':0.209)'Kartvelian [i-][w-][a-][g-]';
Palaihnihan	SUCCESS	NNLS	(('Atsugewi [i-atw][w-ats][a-934][g-atsu1245]':0.167,'Achumawi [i-acv][w-acm][a-828][g-achu1247]':0.167)'Palaihnihan [i-][w-][a-][g-]':1);
Wakashan	SUCCESS	NNLS	(('Makah [i-myh][w-mak][a-555][g-maka1318]':0.12,'Nuu-chah-nulth [i-nuk][w-][a-1373-317][g-nuuc1236]':0.12)'Southern Wakashan [i-][w-][a-][g-]':0.00602,('Kwakiutl [i-kwk][w-kwk][a-152][g-kwak1269]':0.126,'Heiltsuk [i-hei][w-hei][a-1602][g-heil1246]':0.126)'Kwakiutlan [i-][w-][a-][g-]':0)'Wakashan [i-][w-][a-][g-]';
Chimakuan	FAIL	NNLS: too few languages	
Katukinan	FAIL	NNLS: the distances matrix is too small	
Panoan	SUCCESS	NNLS	(('Mats<U+FFFD><U+FFFD>s [i-mcf][w-myr][a-1947][g-mats1244]':0.0682,'Mat<U+FFFD><U+FFFD>s [i-mpq][w-mts][a-2067][g-mati1255]':0.0682)'Mayoruna-Mats<U+FFFD><U+FFFD>s [i-][w-][a-][g-]':0.0564,(('Amahuaca [i-amc][w-amc][a-884][g-amah1246]':0.0886,'Yaminahua [i-yaa][w-yam][a-2757][g-yami1256]':0.0886,'Sharanahua [i-mcd][w-shh][a-1946][g-shar1245]':0.0886,'Kashinawa [i-cbs][w-csh][a-45][g-cash1254]':0.0886)'Tri-State [i-][w-][a-][g-]':0,('Shipibo-Conibo [i-shp][w-shk][a-567][g-ship1254]':0.0886,'Remo [i-rem][w-][a-1005][g-remo1248]':0.0886)'Shipibo [i-][w-][a-][g-]':0,'Cashibo-Cacataibo [i-cbr][w-cas][a-1126][g-cash1251]':0.0886)'Mainline [i-][w-][a-][g-]':0.036,'Ch<U+FFFD><U+FFFD>cobo [i-cao][w-cbo][a-1113][g-chac1251]':0.125)'Panoan [i-][w-][a-][g-]';
West Papuan	SUCCESS	NNLS	(('Yawa [i-yva][w-yaw][a-417][g-nucl1454]':0,'Saweru [i-swr][w-][a-2848][g-sawe1240]':0)'Yapen [i-][w-][a-][g-]':0.127,'Tehit [i-kps][w-tht][a-369][g-tehi1237]':0.127,('Makian. West [i-mqs][w-wma][a-2072][g-west2600]':0.127,'Ternate [i-tft][w-trt][a-2557][g-tern1247]':0.127,'Sahu [i-saj][w-sah][a-343][g-sahu1245]':0.127,('Tobelo [i-tlb][w-tlo][a-2580][g-tobe1252]':0.127,'Pagu [i-pgu][w-pag][a-2290][g-pagu1249]':0.127,'Galela [i-gbi][w-gll][a-1523][g-gale1259]':0.127)'Galela-Loloda [i-][w-][a-][g-]':0)'North Halmahera [i-][w-][a-][g-]':0)'West Papuan [i-][w-][a-][g-]';
Upper Chinookan	SUCCESS	NNLS	((('Wasco-Wishram [i-wac][w-cku][a-411][g-wasc1239]':0.0781)'Upper Chinookan [i-][w-][a-][g-]':0.0781,'Chinook [i-chh][w-ckl][a-1137][g-chin1286]':0.156)'Upper Chinookan [i-][w-][a-][g-]':1);
Kaure	FAIL	NNLS: the distances matrix is too small	
Pauwasi	FAIL	NNLS: the distances matrix is too small	
Wintuan	FAIL	NNLS: the distances matrix is too small	
Chipaya-Uru	FAIL	NNLS: too few languages with non-missing data	
Kaweskaran	FAIL	NNLS: the distances matrix is too small	
Piawi	FAIL	NNLS: the distances matrix is too small	
Witotoan	SUCCESS	NNLS	(((('Huitoto. Murui [i-huu][w-hum][a-1624-578][g-muru1274]':0.00855,'Huitoto. Minica [i-hto][w-hmi-htt][a-1619][g-mini1256]':0.00855)'Proto-Minica-Murai [i-][w-][a-][g-]':0,'Huitoto. N<U+FFFD><U+FFFD>pode [i-hux][w-hmu][a-1626][g-nupo1240]':0.00855)'Early Huitoto [i-][w-][a-][g-]':0.0223,'Ocaina [i-oca][w-oca][a-2240][g-ocai1244]':0.0309)'Proto-Huitoto-Ocaina [i-][w-][a-][g-]':6.94e-18,('Muinane [i-bmr][w-mui][a-194][g-muin1242]':3.47e-18,'Bora [i-boa][w-bor][a-1047][g-bora1263]':3.47e-18)'Proto-Bora-Muinane [i-][w-][a-][g-]':0.0309)'Witotoan [i-][w-][a-][g-]';
Chocoan	SUCCESS	NNLS	((('Epena [i-sja][w-epe][a-526][g-epen1239]':0,'Ember<U+FFFD><U+FFFD>-Cham<U+FFFD><U+FFFD> [i-cmi][w-emc][a-1164][g-embe1262]':0)'Southern Ember<U+FFFD><U+FFFD> [i-][w-][a-][g-]':0.0424,'Ember<U+FFFD><U+FFFD>. Northern [i-emp][w-emb][a-1472][g-nort2972]':0.0424)'Ember<U+FFFD><U+FFFD> [i-][w-][a-][g-]':0,'Woun Meu [i-noa][w-wau][a-2192][g-woun1238]':0.0424)'Chocoan [i-][w-][a-][g-]';
Keresan	SUCCESS	NNLS	(('Keres. Western [i-kjq][w-aco][a-10][g-west2632]':0.0667,'Keres. Eastern [i-kee][w-ksa][a-1727-2958][g-east1472]':0.0667)'Keresan [i-][w-][a-][g-]':1);
Pidgin	FAIL	NNLS: the distances matrix is too small	
Yaguan	FAIL	NNLS: the distances matrix is too small	
Cholonan	FAIL	NNLS: the distances matrix is too small	
Khoisan	FAIL	NNLS: too few languages with non-missing data	
Pomoan	SUCCESS	NNLS	('Pomo. Central [i-poo][w-pmc][a-2322][g-cent2138]':0.0828,'Pomo. Southeastern [i-pom][w-pso][a-568][g-sout2982]':0.0828,'Pomo. Eastern [i-peb][w-pme][a-72][g-east2545]':0.0828)'Pomoan [i-][w-][a-][g-]';
Yanomaman	SUCCESS	NNLS	('Yanom<U+FFFD><U+FFFD>mi [i-wca][w-ynm][a-2711][g-yano1262]':0,'Sanum<U+FFFD><U+FFFD> [i-xsu][w-snm][a-348][g-sanu1240]':0)'Yanomaman [i-][w-][a-][g-]';
Island Chon	SUCCESS	NNLS	((('Ona [i-ona][w-sel][a-565][g-onaa1245]':0.0625)'Island Chon [i-][w-][a-][g-]':0.0625,'Tehuelche [i-teh][w-teh][a-2545][g-tehu1242]':0.125)'Island Chon [i-][w-][a-][g-]':1);
Tanoan	SUCCESS	NNLS	((('Tiwa. Southern [i-tix][w-tws][a-2575][g-sout2961]':0.36,'Tiwa. Northern [i-twf][w-twn][a-2517][g-nort1550]':0.36)'Tanoan [i-][w-][a-][g-]':0,'Tewa [i-tew][w-tew-trg-tsj][a-1418-1419-2553][g-tewa1260]':0.36,'Kiowa [i-kio][w-kio][a-132][g-kiow1266]':0.36,'Jemez [i-tow][w-jem][a-2603][g-jeme1245]':0.36)'Tanoan [i-][w-][a-][g-]':1);
Puinavean	SUCCESS	NNLS	('Nad<U+FFFD><U+FFFD>b [i-mbj][w-nad][a-1938][g-nade1244]':0.0455,'Hupd<U+FFFD><U+FFFD> [i-jup][w-hpd][a-1692][g-hupd1244]':0.0455)'Puinavean [i-][w-][a-][g-]';
Yele-West New Britain	SUCCESS	NNLS	('Yele [i-yle][w-yel][a-2779][g-yele1255]':0.257,'Anem [i-anz][w-ane][a-22][g-anem1249]':0.257)'Yele-West New Britain [i-][w-][a-][g-]';
Chukotko-Kamchatkan	SUCCESS	NNLS	((('Itelmen [i-itl][w-ite][a-116][g-itel1242]':0.0734)'Southern [i-][w-][a-][g-]':0.0734,(('Koryak [i-kpy][w-kry][a-1808][g-kory1246]':0.072,'Kerek [i-krk][w-krq][a-1813][g-kere1280]':0.072,'Alutor [i-alr][w-alu][a-879][g-alut1245]':0.072)'Koryak-Alyutor [i-][w-][a-][g-]':0.0246,('Chukchi [i-ckt][w-chk][a-56][g-chuk1273]':0.0483)'Chukot [i-][w-][a-][g-]':0.0483)'Northern [i-][w-][a-][g-]':0.0503)'Chukotko-Kamchatkan [i-][w-][a-][g-]':1);
Kwomtari	FAIL	NNLS: too few languages with non-missing data	
Purian	FAIL	NNLS: the distances matrix is too small	
Yeniseian	FAIL	NNLS: the distances matrix is too small	
Chumashan	SUCCESS	NNLS	('Purisime<U+FFFD><U+FFFD>o [i-puy][w-][a-2959][g-puri1259]':0.25,'Inese<U+FFFD><U+FFFD>o [i-inz][w-cin][a-113][g-ines1240]':0.25)'Central Chumash [i-][w-][a-][g-]';
Lakes Plain	FAIL	NNLS: too few languages with non-missing data	
Quechuan	FAIL	NNLS: too few languages with non-missing data	
Yokutsan	FAIL	NNLS: too few languages	
Cochimi-Yuman	SUCCESS	NNLS	(('Quechan [i-yum][w-que][a-2794][g-quec1382]':0,'Maricopa [i-mrc][w-mar][a-465][g-mari1440]':0)'Mojave [i-][w-][a-][g-]':0.31,'Kumiai [i-dih][w-die-tja][a-1260-1261-63][g-kumi1248]':0.31)'Yuman [i-][w-][a-][g-]';
Language isolate	SUCCESS	NNLS	('Zuni [i-zun][w-zun][a-429][g-zuni1245]':0.234,'Yuracare [i-yuz][w-yrc][a-426][g-yura1255]':0.234,'Yuchi [i-yuc][w-yuc][a-422][g-yuch1247]':0.234,'Y<U+FFFD><U+FFFD>mana [i-yag][w-yah][a-2760][g-yama1264]':0.234,'Yale [i-nce][w-nag][a-2143][g-yale1246]':0.234,'Washo [i-was][w-was][a-406][g-wash1253]':0.234,'Warao [i-wba][w-wra][a-399][g-wara1303]':0.234,'Waorani [i-auc][w-wao][a-397][g-waor1240]':0.234,'Urarina [i-ura][w-urn][a-392][g-urar1246]':0.234,'Tunica [i-tun][w-tun][a-386][g-tuni1252]':0.234,'Trumai [i-tpy][w-tru][a-383][g-trum1247]':0.234,'Tonkawa [i-tqw][w-ton][a-382][g-tonk1249]':0.234,'Taushiro [i-trr][w-tsr][a-2611][g-taus1253]':0.234,'Sulka [i-sua][w-sul][a-359][g-sulk1246]':0.234,'Siuslaw [i-sis][w-siu][a-442][g-sius1254]':0.234,'Shasta [i-sht][w-shs][a-351][g-shas1239]':0.234,'Seri [i-sei][w-ser][a-2412][g-seri1257]':0.234,'Salinan [i-sln][w-sal][a-344][g-sali1253]':0.234,'Rikbaktsa [i-rkb][w-rik][a-925][g-rikb1245]':0.234,'Natchez [i-ncz][w-nat][a-202][g-natc1249]':0.234,'Mpur [i-akc][w-mpu][a-869][g-mpur1239]':0.234,'Kutenai [i-kut][w-kut][a-150][g-kute1249]':0.234,'Kusunda [i-kgg][w-kus][a-1739][g-kusu1250]':0.234,'Kuot [i-kto][w-kuo][a-1828][g-kuot1243]':0.234,'Kunza [i-kuz][w-atm][a-1839][g-kunz1244]':0.234,'Korean [i-kor][w-kor][a-141][g-kore1280]':0.234,'Karok [i-kyh][w-krk][a-125][g-karo1304]':0.234,'Karir<U+FFFD><U+FFFD>-Xoc<U+FFFD><U+FFFD> [i-kzw][w-kri][a-644][g-kari1255]':0.234,'Itonama [i-ito][w-ito][a-117][g-iton1250]':0.234,'Ir<U+FFFD><U+FFFD>ntxe [i-irn][w-irx][a-115][g-iran1263]':0.234,'Hatam [i-had][w-hat][a-645][g-hata1243]':0.234,'Guat<U+FFFD><U+FFFD> [i-gta][w-gto][a-1565][g-guat1253]':0.234,'Chitimacha [i-ctm][w-ctm][a-53][g-chit1248]':0.234,'Chimariko [i-cid][w-chi][a-51][g-chim1301]':0.234,'Cayubaba [i-cyb][w-cyv][a-47][g-cayu1262]':0.234,'Candoshi-Shapra [i-cbu][w-can][a-42][g-cand1248]':0.234,'Burushaski [i-bsk][w-bur][a-40][g-buru1296]':0.234,'Ainu [i-ain][w-ain][a-12][g-ainu1240]':0.234,'Abun [i-kgr][w-abu][a-1743][g-abun1252]':0.234)'Language isolate [i-][w-][a-][g-]';
Ramu-Lower Sepik	SUCCESS	NNLS	(('Marangis [i-wax][w-wtm][a-2705][g-wata1253]':0.0625,('Kire [i-geb][w-kie][a-1532][g-kire1240]':0,'Aruamu [i-msy][w-mkr][a-2087][g-arua1260]':0)'Mikarew [i-][w-][a-][g-]':0.0625,'Rao [i-rao][w-rao][a-2363][g-raoo1244]':0.0625)'Ramu [i-][w-][a-][g-]':0.000463,('Yimas [i-yee][w-yim][a-420][g-yima1243]':0.063,'Chambri [i-can][w-chb][a-1112][g-cham1313]':0.063)'Lower Sepik [i-][w-][a-][g-]':1.39e-17,'Ap Ma [i-kbx][w-kbo][a-1712][g-apma1241]':0.063)'Ramu-Lower Sepik [i-][w-][a-][g-]';
Yuat	FAIL	NNLS: the distances matrix is too small	
Constructed language	FAIL	NNLS: too few languages	
Lencan	FAIL	NNLS: too few languages	
Sahaptin	FAIL	NNLS: too few languages with non-missing data	
Yukaghir	SUCCESS	NNLS	(('Yukaghir. Southern [i-yux][w-yko][a-2797][g-sout2750]':0.0387,'Yukaghir. Northern [i-ykg][w-ytu][a-423][g-nort2745]':0.0387)'Yukaghir [i-][w-][a-][g-]':1);
Coosan	FAIL	NNLS: too few languages	
Lower Mamberamo	FAIL	NNLS: the distances matrix is too small	
Salish	SUCCESS	NNLS	('Chehalis. Upper [i-cjh][w-chl][a-1148][g-uppe1439]':0.0732,((('Spokane [i-spo][w-spo][a-2466][g-spok1245]':0.0614,'Kalispel-Pend d<U+FFFD><U+FFFD><U+FFFD>Oreille [i-fla][w-kls][a-1490][g-kali1308]':0.0614)'Kalispel [i-][w-][a-][g-]':0,'Okanagan [i-oka][w-oka][a-2246][g-okan1243]':0.0614,'Columbia-Wenatchi [i-col][w-cwe][a-1170][g-colu1241]':0.0614,'Coeur d<U+FFFD><U+FFFD><U+FFFD>Alene [i-crd][w-coe][a-1178][g-coeu1236]':0.0614)'Southern [i-][w-][a-][g-]':0.00875,'Thompson [i-thp][w-tho][a-2564][g-thom1243]':0.0702,'Shuswap [i-shs][w-shu][a-353][g-shus1248]':0.0702,'Lillooet [i-lil][w-lil][a-1887][g-lill1248]':0.0702)'Interior [i-][w-][a-][g-]':0.003,('Lushootseed [i-lut][w-lus][a-1920][g-lush1252]':0.0512,'Twana [i-twa][w-twa][a-2644][g-twan1247]':0.0512,'Squamish [i-squ][w-squ][a-357][g-squa1248]':0.0512,'Halkomelem [i-hur][w-hli-hlu-msq][a-1623][g-halk1245]':0.0512,'Comox [i-coo][w-cmx][a-1171][g-como1259]':0.0512,'Clallam [i-clm][w-cla][a-1162][g-clal1241]':0.0512)'Central Salish [i-][w-][a-][g-]':0.022,'Tillamook [i-til][w-til][a-2571-2751][g-till1254]':0.0732,'Bella Coola [i-blc][w-bco][a-995][g-bell1243]':0.0732)'Salish [i-][w-][a-][g-]';
Core Yukian	SUCCESS	NNLS	((('Yuki [i-yuk][w-yki][a-2792][g-yuki1243]':0)'Core Yukian [i-][w-][a-][g-]':0,'Wappo [i-wao][w-wap][a-398][g-wapp1239]':0)'Core Yukian [i-][w-][a-][g-]':1);
Creole	SUCCESS	NNLS	('Chavacano [i-cbk][w-cvc][a-1124][g-chav1241]':0.333,('Bislama [i-bis][w-bsm][a-983][g-bisl1239]':0.2,'Eastern Maroon Creole [i-djk][w-ndy][a-1334][g-ndyu1242]':0.2)'English based [i-][w-][a-][g-]':0.133)'Creole [i-][w-][a-][g-]';
Maidu	SUCCESS	NNLS	('Maidu. Northeast [i-nmu][w-mne][a-168][g-nort2952]':0.0653,'Nisenan [i-nsz][w-nsn][a-2210][g-nise1244]':0.0653,'Maidu. Northwest [i-mjd][w-knw][a-1927][g-nort2951]':0.0653)'Maidu [i-][w-][a-][g-]';
Piaroa-Maco	SUCCESS	NNLS	('Piaroa [i-pid][w-pia][a-2293][g-piar1243]':0,'S<U+FFFD><U+FFFD>liba [i-slc][w-sba][a-2442][g-sali1298]':0)'Piaroa-Maco [i-][w-][a-][g-]';
Zamucoan	FAIL	NNLS: the distances matrix is too small	
Deaf sign language	FAIL	NNLS: too few languages with non-missing data	
Maipurean	SUCCESS	NNLS	(('Yanesha<U+FFFD><U+FFFD><U+FFFD> [i-ame][w-amu][a-885][g-yane1238]':0.235,('Ter<U+FFFD><U+FFFD>na [i-ter][w-trn][a-2543][g-tere1279]':0.235,'Apurin<U+FFFD><U+FFFD> [i-apu][w-apu][a-512][g-apur1254]':0.235,('Ignaciano [i-ign][w-ign][a-1641][g-igna1246]':0.125,'Baure [i-brg][w-baq][a-1063][g-baur1253]':0.125)'Mojo [i-][w-][a-][g-]':0.11)'Southern Outlier [i-][w-][a-][g-]':0,('Waur<U+FFFD><U+FFFD> [i-wau][w-wur][a-2703][g-waur1244]':0.235,'Parec<U+FFFD><U+FFFD>s [i-pab][w-prc][a-2267][g-pare1272]':0.235)'Central [i-][w-][a-][g-]':0,('Machiguenga [i-mcb][w-mch][a-1945][g-mach1267]':0.0909,'Ash<U+FFFD><U+FFFD>ninka [i-cni][w-cax][a-29][g-asha1243]':0.0909)'Campa [i-][w-][a-][g-]':0.144)'Southern [i-][w-][a-][g-]':0,(('Guarequena [i-gae][w-wrk][a-1515][g-guar1293]':0.225,'Tariana [i-tae][w-tar][a-2513][g-tari1256]':0.225)'Upper Amazon [i-][w-][a-][g-]':0,('Garifuna [i-cab][w-grf][a-1106][g-gari1256]':0.221,'Arawak [i-arw][w-ara][a-927][g-araw1276]':0.221)'Ta-Maipurean [i-][w-][a-][g-]':0.00393,'Palik<U+FFFD><U+FFFD>r [i-plu][w-plk][a-2270][g-pali1279]':0.225)'Northern [i-][w-][a-][g-]':0.0107)'Maipurean [i-][w-][a-][g-]';
Senagi	SUCCESS	NNLS	(('Dera [i-kbv][w-der-dlm][a-1711][g-dera1245]':0.109,'Angor [i-agg][w-ang][a-849][g-ango1254]':0.109)'Senagi [i-][w-][a-][g-]':1);
Zaparoan	FAIL	NNLS: too few languages with non-missing data	
Dravidian	SUCCESS	NNLS	(('Tulu [i-tcy][w-tul][a-2539][g-tulu1258]':0.033,(('Kota [i-kfe][w-kot][a-142][g-kota1263]':0.0143,('Kurumba. Betta [i-xub][w-bkb][a-2930][g-bett1235]':6.94e-18,'Malayalam [i-mal][w-mym][a-2019][g-mala1464]':6.94e-18)'Tamil-Malayalam [i-][w-][a-][g-]':0.0143)'Tamil-Kodagu [i-][w-][a-][g-]':0.0187,'Kannada [i-kan][w-knd][a-535][g-nucl1305]':0.033)'Tamil-Kannada [i-][w-][a-][g-]':0)'Southern [i-][w-][a-][g-]':0.00314,('Telugu [i-tel][w-tel][a-2537][g-telu1262]':0.0268,(('Kuvi [i-kxv][w-kuv][a-1851][g-kuvi1243]':6.94e-18,'Koya [i-kff][w-koy][a-1736][g-koya1251]':6.94e-18)'Kui-Kuvi [i-][w-][a-][g-]':0.00625,'Gondi. Northern [i-gno][w-][a-1537][g-nort2702]':0.00625)'Gondi-Kui [i-][w-][a-][g-]':0.0205)'South-Central [i-][w-][a-][g-]':0.00935,'Brahui [i-brh][w-brh][a-518][g-brah1256]':0.0361,'Kolami. Northwestern [i-kfb][w--kol][a-595-][g-nort2699-kola1242]':0.0361)'Dravidian [i-][w-][a-][g-]';
Mairasi	FAIL	NNLS: the distances matrix is too small	
Sepik	SUCCESS	NNLS	('Namia [i-nnm][w-nam][a-2190][g-nami1256]':0.144,'Wogamusin [i-wog][w-wog][a-2733][g-woga1249]':0.144,'Mehek [i-nux][w-mhk][a-2222][g-mehe1243]':0.144,('Kapriman [i-dju][w-sar][a-1336][g-kapr1245]':0.0532,'Alamblak [i-amp][w-ala][a-14][g-alam1246]':0.0532)'Sepik Hill [i-][w-][a-][g-]':0.0909,'Awtuw [i-kmn][w-awt][a-28][g-awtu1239]':0.144,'Kwoma [i-kmo][w-kwo][a-1784][g-kwom1262]':0.144,('Iatmul [i-ian][w-iat][a-1630][g-iatm1242]':0.0133,'Hanga Hundi [i-wos][w-hhu][a-2736][g-hang1263]':0.0133,'Ambulas [i-abt][w-amb][a-6][g-ambu1247]':0.0133)'Ndu [i-][w-][a-][g-]':0.131)'Sepik [i-][w-][a-][g-]';
